2026-01-27 20:31:55,891 - INFO - Starting crawler run...
2026-01-27 20:31:55,893 - INFO - BEGIN (implicit)
2026-01-27 20:31:55,894 - INFO - PRAGMA main.table_info("internship")
2026-01-27 20:31:55,894 - INFO - [raw sql] ()
2026-01-27 20:31:55,894 - INFO - COMMIT
2026-01-27 20:31:55,895 - INFO - Fetching data from GitHub source: https://raw.githubusercontent.com/SimplifyJobs/Summer2026-Internships/dev/README.md
2026-01-27 20:31:57,071 - INFO - BEGIN (implicit)
2026-01-27 20:31:57,073 - INFO - SELECT internship.id, internship.company, internship.role, internship.location, internship.industry, internship.ai_label, internship.summary, internship.requirements, internship.salary, internship.deadline, internship.international_score, internship.logo_url, internship.url, internship.posted_date 
FROM internship 
WHERE internship.url = ?
2026-01-27 20:31:57,073 - INFO - [generated in 0.00011s] ('https://cambridgeassociates.wd5.myworkdayjobs.com/Cambridge_Associates/job/Boston/Software-Engineering-Intern_JR0000132-1?utm_source=Simplify&ref=Simplify',)
2026-01-27 20:31:57,075 - INFO - SELECT internship.id, internship.company, internship.role, internship.location, internship.industry, internship.ai_label, internship.summary, internship.requirements, internship.salary, internship.deadline, internship.international_score, internship.logo_url, internship.url, internship.posted_date 
FROM internship 
WHERE internship.url = ?
2026-01-27 20:31:57,075 - INFO - [cached since 0.00168s ago] ('https://cambridgeassociates.wd5.myworkdayjobs.com/Handshake/job/Boston/Software-Engineering-Intern_JR0000132?utm_source=Simplify&ref=Simplify',)
2026-01-27 20:31:57,075 - INFO - SELECT internship.id, internship.company, internship.role, internship.location, internship.industry, internship.ai_label, internship.summary, internship.requirements, internship.salary, internship.deadline, internship.international_score, internship.logo_url, internship.url, internship.posted_date 
FROM internship 
WHERE internship.url = ?
2026-01-27 20:31:57,075 - INFO - [cached since 0.001996s ago] ('https://autodesk.wd1.myworkdayjobs.com/Ext/job/Montreal-QC-CAN/Intern-Software-Developer--Stagiaire-en-Dveloppement-Logiciel_26WD94953-2?utm_source=Simplify&ref=Simplify',)
2026-01-27 20:31:57,075 - INFO - SELECT internship.id, internship.company, internship.role, internship.location, internship.industry, internship.ai_label, internship.summary, internship.requirements, internship.salary, internship.deadline, internship.international_score, internship.logo_url, internship.url, internship.posted_date 
FROM internship 
WHERE internship.url = ?
2026-01-27 20:31:57,075 - INFO - [cached since 0.002259s ago] ('https://autodesk.wd1.myworkdayjobs.com/Ext/job/Montreal-QC-CAN/Intern-Software-Developer--Stagiaire-en-dveloppement-logiciel_26WD94951-1?utm_source=Simplify&ref=Simplify',)
2026-01-27 20:31:57,076 - INFO - SELECT internship.id, internship.company, internship.role, internship.location, internship.industry, internship.ai_label, internship.summary, internship.requirements, internship.salary, internship.deadline, internship.international_score, internship.logo_url, internship.url, internship.posted_date 
FROM internship 
WHERE internship.url = ?
2026-01-27 20:31:57,076 - INFO - [cached since 0.002496s ago] ('https://disney.wd5.myworkdayjobs.com/disneycareerdc/job/Vancouver-BC-Canada/Production-Engineering-Intern---Summer-2026--Open-to-Canadian-Citizens---PR-only-_10138551-1?utm_source=Simplify&ref=Simplify',)
2026-01-27 20:31:57,076 - INFO - SELECT internship.id, internship.company, internship.role, internship.location, internship.industry, internship.ai_label, internship.summary, internship.requirements, internship.salary, internship.deadline, internship.international_score, internship.logo_url, internship.url, internship.posted_date 
FROM internship 
WHERE internship.url = ?
2026-01-27 20:31:57,076 - INFO - [cached since 0.002726s ago] ('https://disney.wd5.myworkdayjobs.com/disneycareerdc/job/Vancouver-BC-Canada/Studio-Talent-Group-Intern---Summer-2026--Open-to-Canadian-Citizens---PR-only-_10138559-1?utm_source=Simplify&ref=Simplify',)
2026-01-27 20:31:57,076 - INFO - SELECT internship.id, internship.company, internship.role, internship.location, internship.industry, internship.ai_label, internship.summary, internship.requirements, internship.salary, internship.deadline, internship.international_score, internship.logo_url, internship.url, internship.posted_date 
FROM internship 
WHERE internship.url = ?
2026-01-27 20:31:57,076 - INFO - [cached since 0.003059s ago] ('https://disney.wd5.myworkdayjobs.com/disneycareerdc/job/Vancouver-BC-Canada/Technical-Assistant-Intern---Summer-2026--Open-to-Canadian-Citizens---PR-only-_10138557?utm_source=Simplify&ref=Simplify',)
2026-01-27 20:31:57,076 - INFO - SELECT internship.id, internship.company, internship.role, internship.location, internship.industry, internship.ai_label, internship.summary, internship.requirements, internship.salary, internship.deadline, internship.international_score, internship.logo_url, internship.url, internship.posted_date 
FROM internship 
WHERE internship.url = ?
2026-01-27 20:31:57,076 - INFO - [cached since 0.003336s ago] ('https://disney.wd5.myworkdayjobs.com/disneycareerdc/job/Glendale-CA-USA/Disney-Live-Entertainment-Technical-Development-Intern--Summer-Fall-2026_10138539-1?utm_source=Simplify&ref=Simplify',)
2026-01-27 20:31:57,077 - INFO - SELECT internship.id, internship.company, internship.role, internship.location, internship.industry, internship.ai_label, internship.summary, internship.requirements, internship.salary, internship.deadline, internship.international_score, internship.logo_url, internship.url, internship.posted_date 
FROM internship 
WHERE internship.url = ?
2026-01-27 20:31:57,077 - INFO - [cached since 0.003595s ago] ('https://autodesk.wd1.myworkdayjobs.com/uni/job/Montreal-QC-CAN/Intern-Software-Developer--Stagiaire-en-Dveloppement-Logiciel_26WD94953-1?utm_source=Simplify&ref=Simplify',)
2026-01-27 20:31:57,077 - INFO - SELECT internship.id, internship.company, internship.role, internship.location, internship.industry, internship.ai_label, internship.summary, internship.requirements, internship.salary, internship.deadline, internship.international_score, internship.logo_url, internship.url, internship.posted_date 
FROM internship 
WHERE internship.url = ?
2026-01-27 20:31:57,077 - INFO - [cached since 0.003802s ago] ('https://autodesk.wd1.myworkdayjobs.com/uni/job/Montreal-QC-CAN/Intern-Software-Developer--Stagiaire-en-dveloppement-logiciel_26WD94951?utm_source=Simplify&ref=Simplify',)
2026-01-27 20:31:57,077 - INFO - SELECT internship.id, internship.company, internship.role, internship.location, internship.industry, internship.ai_label, internship.summary, internship.requirements, internship.salary, internship.deadline, internship.international_score, internship.logo_url, internship.url, internship.posted_date 
FROM internship 
WHERE internship.url = ?
2026-01-27 20:31:57,077 - INFO - [cached since 0.003992s ago] ('https://tmobile.wd1.myworkdayjobs.com/External/job/Overland-Park-Kansas/XMLNAME-2026-Summer-Product-Development-Internship_REQ343521?utm_source=Simplify&ref=Simplify',)
2026-01-27 20:31:57,077 - INFO - SELECT internship.id, internship.company, internship.role, internship.location, internship.industry, internship.ai_label, internship.summary, internship.requirements, internship.salary, internship.deadline, internship.international_score, internship.logo_url, internship.url, internship.posted_date 
FROM internship 
WHERE internship.url = ?
2026-01-27 20:31:57,077 - INFO - [cached since 0.004182s ago] ('https://tmobile.wd1.myworkdayjobs.com/External/job/Overland-Park-Kansas/Summer-2026-Software-Engineering-Internship_REQ343554?utm_source=Simplify&ref=Simplify',)
2026-01-27 20:31:57,077 - INFO - SELECT internship.id, internship.company, internship.role, internship.location, internship.industry, internship.ai_label, internship.summary, internship.requirements, internship.salary, internship.deadline, internship.international_score, internship.logo_url, internship.url, internship.posted_date 
FROM internship 
WHERE internship.url = ?
2026-01-27 20:31:57,078 - INFO - [cached since 0.004377s ago] ('https://thales.wd3.myworkdayjobs.com/en-US/Careers/job/Ottawa/Cloud-Software-Development-Engineer---COOP_R0312578-1?utm_source=Simplify&ref=Simplify',)
2026-01-27 20:31:57,078 - INFO - SELECT internship.id, internship.company, internship.role, internship.location, internship.industry, internship.ai_label, internship.summary, internship.requirements, internship.salary, internship.deadline, internship.international_score, internship.logo_url, internship.url, internship.posted_date 
FROM internship 
WHERE internship.url = ?
2026-01-27 20:31:57,078 - INFO - [cached since 0.004556s ago] ('https://globalhr.wd5.myworkdayjobs.com/rec_rtx_ext_gateway/job/US-CO-AURORA-S77--16470-E-Hughes-Dr--BLDG-S77/XMLNAME-2026-Intern---Software-Engineer-Intern---Onsite--CO-_01818590?utm_source=Simplify&ref=Simplify',)
2026-01-27 20:31:57,078 - INFO - SELECT internship.id, internship.company, internship.role, internship.location, internship.industry, internship.ai_label, internship.summary, internship.requirements, internship.salary, internship.deadline, internship.international_score, internship.logo_url, internship.url, internship.posted_date 
FROM internship 
WHERE internship.url = ?
2026-01-27 20:31:57,078 - INFO - [cached since 0.004737s ago] ('https://micron.wd1.myworkdayjobs.com/External/job/Boise-ID---Main-Site/Intern---ETD-Software-Engineer_JR89259?utm_source=Simplify&ref=Simplify',)
2026-01-27 20:31:57,078 - INFO - SELECT internship.id, internship.company, internship.role, internship.location, internship.industry, internship.ai_label, internship.summary, internship.requirements, internship.salary, internship.deadline, internship.international_score, internship.logo_url, internship.url, internship.posted_date 
FROM internship 
WHERE internship.url = ?
2026-01-27 20:31:57,078 - INFO - [cached since 0.004918s ago] ('https://kp.taleo.net/careersection/external/jobdetail.ftl?job=1405215&utm_source=Simplify&ref=Simplify',)
2026-01-27 20:31:57,078 - INFO - SELECT internship.id, internship.company, internship.role, internship.location, internship.industry, internship.ai_label, internship.summary, internship.requirements, internship.salary, internship.deadline, internship.international_score, internship.logo_url, internship.url, internship.posted_date 
FROM internship 
WHERE internship.url = ?
2026-01-27 20:31:57,078 - INFO - [cached since 0.005092s ago] ('https://santander.wd3.myworkdayjobs.com/SantanderCareers/job/1-Enterprise-Drive-Quincy-Corp/Payments-Technology-Intern_Req1502883-2?utm_source=Simplify&ref=Simplify',)
2026-01-27 20:31:57,078 - INFO - SELECT internship.id, internship.company, internship.role, internship.location, internship.industry, internship.ai_label, internship.summary, internship.requirements, internship.salary, internship.deadline, internship.international_score, internship.logo_url, internship.url, internship.posted_date 
FROM internship 
WHERE internship.url = ?
2026-01-27 20:31:57,078 - INFO - [cached since 0.005266s ago] ('https://globalhr.wd5.myworkdayjobs.com/rec_rtx_ext_gateway/job/US-VA-STERLING-21251-CUST--21251-Ridgetop-Cir--RIDGETOP-External-Site/XMLNAME-2026-Intern--Raytheon-Software-Engineer---Onsite_01819197?utm_source=Simplify&ref=Simplify',)
2026-01-27 20:31:57,079 - INFO - SELECT internship.id, internship.company, internship.role, internship.location, internship.industry, internship.ai_label, internship.summary, internship.requirements, internship.salary, internship.deadline, internship.international_score, internship.logo_url, internship.url, internship.posted_date 
FROM internship 
WHERE internship.url = ?
2026-01-27 20:31:57,079 - INFO - [cached since 0.005444s ago] ('https://job-boards.greenhouse.io/klaviyocampus/jobs/7603083003?utm_source=Simplify&ref=Simplify',)
2026-01-27 20:31:57,079 - INFO - SELECT internship.id, internship.company, internship.role, internship.location, internship.industry, internship.ai_label, internship.summary, internship.requirements, internship.salary, internship.deadline, internship.international_score, internship.logo_url, internship.url, internship.posted_date 
FROM internship 
WHERE internship.url = ?
2026-01-27 20:31:57,079 - INFO - [cached since 0.005624s ago] ('https://job-boards.greenhouse.io/gardacp/jobs/4174194004?utm_source=Simplify&ref=Simplify',)
2026-01-27 20:31:57,079 - INFO - SELECT internship.id, internship.company, internship.role, internship.location, internship.industry, internship.ai_label, internship.summary, internship.requirements, internship.salary, internship.deadline, internship.international_score, internship.logo_url, internship.url, internship.posted_date 
FROM internship 
WHERE internship.url = ?
2026-01-27 20:31:57,079 - INFO - [cached since 0.005795s ago] ('https://job-boards.greenhouse.io/astranis/jobs/4648080006?utm_source=Simplify&ref=Simplify',)
2026-01-27 20:31:57,079 - INFO - SELECT internship.id, internship.company, internship.role, internship.location, internship.industry, internship.ai_label, internship.summary, internship.requirements, internship.salary, internship.deadline, internship.international_score, internship.logo_url, internship.url, internship.posted_date 
FROM internship 
WHERE internship.url = ?
2026-01-27 20:31:57,079 - INFO - [cached since 0.005968s ago] ('https://job-boards.greenhouse.io/gusto/jobs/7551561?utm_source=Simplify&ref=Simplify',)
2026-01-27 20:31:57,079 - INFO - SELECT internship.id, internship.company, internship.role, internship.location, internship.industry, internship.ai_label, internship.summary, internship.requirements, internship.salary, internship.deadline, internship.international_score, internship.logo_url, internship.url, internship.posted_date 
FROM internship 
WHERE internship.url = ?
2026-01-27 20:31:57,079 - INFO - [cached since 0.006137s ago] ('https://job-boards.greenhouse.io/bamboohr17/jobs/5755725004?utm_source=Simplify&ref=Simplify',)
2026-01-27 20:31:57,079 - INFO - SELECT internship.id, internship.company, internship.role, internship.location, internship.industry, internship.ai_label, internship.summary, internship.requirements, internship.salary, internship.deadline, internship.international_score, internship.logo_url, internship.url, internship.posted_date 
FROM internship 
WHERE internship.url = ?
2026-01-27 20:31:57,079 - INFO - [cached since 0.006307s ago] ('https://cccis.wd1.myworkdayjobs.com/broadbean_external/job/Chicago-Green-St-IL/Software-Engineer-Intern---Parts-Summer-2026_0014408?utm_source=Simplify&ref=Simplify',)
2026-01-27 20:31:57,080 - INFO - SELECT internship.id, internship.company, internship.role, internship.location, internship.industry, internship.ai_label, internship.summary, internship.requirements, internship.salary, internship.deadline, internship.international_score, internship.logo_url, internship.url, internship.posted_date 
FROM internship 
WHERE internship.url = ?
2026-01-27 20:31:57,080 - INFO - [cached since 0.006481s ago] ('https://lifeattiktok.com/search/7473334964256393479?utm_source=Simplify&ref=Simplify',)
2026-01-27 20:31:57,080 - INFO - SELECT internship.id, internship.company, internship.role, internship.location, internship.industry, internship.ai_label, internship.summary, internship.requirements, internship.salary, internship.deadline, internship.international_score, internship.logo_url, internship.url, internship.posted_date 
FROM internship 
WHERE internship.url = ?
2026-01-27 20:31:57,080 - INFO - [cached since 0.006654s ago] ('https://fa-exby-saasfaprod1.fa.ocs.oraclecloud.com/hcmUI/CandidateExperience/en/sites/CX_1013/job/155?utm_source=Simplify&ref=Simplify',)
2026-01-27 20:31:57,080 - INFO - SELECT internship.id, internship.company, internship.role, internship.location, internship.industry, internship.ai_label, internship.summary, internship.requirements, internship.salary, internship.deadline, internship.international_score, internship.logo_url, internship.url, internship.posted_date 
FROM internship 
WHERE internship.url = ?
2026-01-27 20:31:57,080 - INFO - [cached since 0.006823s ago] ('https://bmo.wd3.myworkdayjobs.com/Privileged/job/Toronto-ON-CAN/Junior-Developer--Summer-2026--Co-op-Internship----16-months_R260002007?utm_source=Simplify&ref=Simplify',)
2026-01-27 20:31:57,080 - INFO - SELECT internship.id, internship.company, internship.role, internship.location, internship.industry, internship.ai_label, internship.summary, internship.requirements, internship.salary, internship.deadline, internship.international_score, internship.logo_url, internship.url, internship.posted_date 
FROM internship 
WHERE internship.url = ?
2026-01-27 20:31:57,080 - INFO - [cached since 0.007005s ago] ('https://bah.wd1.myworkdayjobs.com/Confidential/job/McLean-VA/University--2026-Summer-Games-Software-Developer-Intern_R0225356-1?utm_source=Simplify&ref=Simplify',)
2026-01-27 20:31:57,081 - INFO - SELECT internship.id, internship.company, internship.role, internship.location, internship.industry, internship.ai_label, internship.summary, internship.requirements, internship.salary, internship.deadline, internship.international_score, internship.logo_url, internship.url, internship.posted_date 
FROM internship 
WHERE internship.url = ?
2026-01-27 20:31:57,081 - INFO - [cached since 0.007692s ago] ('https://rbc.wd3.myworkdayjobs.com/rbcglobal1/job/TORONTO-Ontario-Canada/XMLNAME-2026-Summer---RBCx--Junior-Developer-Intern--4-Months-_R-0000156487?utm_source=Simplify&ref=Simplify',)
2026-01-27 20:31:57,081 - INFO - SELECT internship.id, internship.company, internship.role, internship.location, internship.industry, internship.ai_label, internship.summary, internship.requirements, internship.salary, internship.deadline, internship.international_score, internship.logo_url, internship.url, internship.posted_date 
FROM internship 
WHERE internship.url = ?
2026-01-27 20:31:57,081 - INFO - [cached since 0.007881s ago] ('https://alliancedata.wd5.myworkdayjobs.com/breadfinancial_us/job/Columbus-OH/Intern---Intelligent-Automation_R1012116?utm_source=Simplify&ref=Simplify',)
2026-01-27 20:31:57,081 - INFO - SELECT internship.id, internship.company, internship.role, internship.location, internship.industry, internship.ai_label, internship.summary, internship.requirements, internship.salary, internship.deadline, internship.international_score, internship.logo_url, internship.url, internship.posted_date 
FROM internship 
WHERE internship.url = ?
2026-01-27 20:31:57,081 - INFO - [cached since 0.008072s ago] ('https://hdde.fa.us2.oraclecloud.com/hcmUI/CandidateExperience/en/sites/CX/job/3571?utm_source=Simplify&ref=Simplify',)
2026-01-27 20:31:57,081 - INFO - SELECT internship.id, internship.company, internship.role, internship.location, internship.industry, internship.ai_label, internship.summary, internship.requirements, internship.salary, internship.deadline, internship.international_score, internship.logo_url, internship.url, internship.posted_date 
FROM internship 
WHERE internship.url = ?
2026-01-27 20:31:57,081 - INFO - [cached since 0.008256s ago] ('https://crowdstrike.wd5.myworkdayjobs.com/crowdstrikecareers/job/USA---Redmond-WA/Software-Engineer-Intern---Summer-2026_R26636?utm_source=Simplify&ref=Simplify',)
2026-01-27 20:31:57,082 - INFO - SELECT internship.id, internship.company, internship.role, internship.location, internship.industry, internship.ai_label, internship.summary, internship.requirements, internship.salary, internship.deadline, internship.international_score, internship.logo_url, internship.url, internship.posted_date 
FROM internship 
WHERE internship.url = ?
2026-01-27 20:31:57,082 - INFO - [cached since 0.008441s ago] ('https://job-boards.greenhouse.io/virtru/jobs/4653402005?utm_source=Simplify&ref=Simplify',)
2026-01-27 20:31:57,082 - INFO - SELECT internship.id, internship.company, internship.role, internship.location, internship.industry, internship.ai_label, internship.summary, internship.requirements, internship.salary, internship.deadline, internship.international_score, internship.logo_url, internship.url, internship.posted_date 
FROM internship 
WHERE internship.url = ?
2026-01-27 20:31:57,082 - INFO - [cached since 0.008627s ago] ('https://cibc.wd3.myworkdayjobs.com/search/job/Chicago-IL/Northeastern-Co-op-Software-Engineer-Chicago_2601701-1?utm_source=Simplify&ref=Simplify',)
2026-01-27 20:31:57,082 - INFO - SELECT internship.id, internship.company, internship.role, internship.location, internship.industry, internship.ai_label, internship.summary, internship.requirements, internship.salary, internship.deadline, internship.international_score, internship.logo_url, internship.url, internship.posted_date 
FROM internship 
WHERE internship.url = ?
2026-01-27 20:31:57,082 - INFO - [cached since 0.008834s ago] ('https://ciena.wd5.myworkdayjobs.com/Careers/job/Remote-US/Summer-Intern---Co-op---Software-Developer--Agentic-AI-_R029790?utm_source=Simplify&ref=Simplify',)
2026-01-27 20:31:57,082 - INFO - SELECT internship.id, internship.company, internship.role, internship.location, internship.industry, internship.ai_label, internship.summary, internship.requirements, internship.salary, internship.deadline, internship.international_score, internship.logo_url, internship.url, internship.posted_date 
FROM internship 
WHERE internship.url = ?
2026-01-27 20:31:57,082 - INFO - [cached since 0.009024s ago] ('https://caci.wd1.myworkdayjobs.com/external/job/US-MO-St-Louis/Software-Development-Intern---Summer-2026_319718?utm_source=Simplify&ref=Simplify',)
2026-01-27 20:31:57,082 - INFO - SELECT internship.id, internship.company, internship.role, internship.location, internship.industry, internship.ai_label, internship.summary, internship.requirements, internship.salary, internship.deadline, internship.international_score, internship.logo_url, internship.url, internship.posted_date 
FROM internship 
WHERE internship.url = ?
2026-01-27 20:31:57,082 - INFO - [cached since 0.009209s ago] ('https://wexinc.wd5.myworkdayjobs.com/en-US/WEXInc/job/US---Remote/Intern---Software-Engineer_R20151?utm_source=Simplify&ref=Simplify',)
2026-01-27 20:31:57,083 - INFO - SELECT internship.id, internship.company, internship.role, internship.location, internship.industry, internship.ai_label, internship.summary, internship.requirements, internship.salary, internship.deadline, internship.international_score, internship.logo_url, internship.url, internship.posted_date 
FROM internship 
WHERE internship.url = ?
2026-01-27 20:31:57,083 - INFO - [cached since 0.009408s ago] ('https://www.okta.com/company/careers/opportunity/7560923?gh_jid=7560923&utm_source=Simplify&ref=Simplify',)
2026-01-27 20:31:57,083 - INFO - SELECT internship.id, internship.company, internship.role, internship.location, internship.industry, internship.ai_label, internship.summary, internship.requirements, internship.salary, internship.deadline, internship.international_score, internship.logo_url, internship.url, internship.posted_date 
FROM internship 
WHERE internship.url = ?
2026-01-27 20:31:57,083 - INFO - [cached since 0.00959s ago] ('https://boards.greenhouse.io/embed/job_app?token=7531481&utm_source=Simplify&ref=Simplify',)
2026-01-27 20:31:57,083 - INFO - SELECT internship.id, internship.company, internship.role, internship.location, internship.industry, internship.ai_label, internship.summary, internship.requirements, internship.salary, internship.deadline, internship.international_score, internship.logo_url, internship.url, internship.posted_date 
FROM internship 
WHERE internship.url = ?
2026-01-27 20:31:57,083 - INFO - [cached since 0.009784s ago] ('https://boards.greenhouse.io/embed/job_app?token=7531477&utm_source=Simplify&ref=Simplify',)
2026-01-27 20:31:57,083 - INFO - SELECT internship.id, internship.company, internship.role, internship.location, internship.industry, internship.ai_label, internship.summary, internship.requirements, internship.salary, internship.deadline, internship.international_score, internship.logo_url, internship.url, internship.posted_date 
FROM internship 
WHERE internship.url = ?
2026-01-27 20:31:57,083 - INFO - [cached since 0.009998s ago] ('http://block.xyz/careers/jobs/5083061008?gh_jid=5083061008&utm_source=Simplify&ref=Simplify',)
2026-01-27 20:31:57,083 - INFO - SELECT internship.id, internship.company, internship.role, internship.location, internship.industry, internship.ai_label, internship.summary, internship.requirements, internship.salary, internship.deadline, internship.international_score, internship.logo_url, internship.url, internship.posted_date 
FROM internship 
WHERE internship.url = ?
2026-01-27 20:31:57,083 - INFO - [cached since 0.01022s ago] ('http://block.xyz/careers/jobs/5083063008?gh_jid=5083063008&utm_source=Simplify&ref=Simplify',)
2026-01-27 20:31:57,084 - INFO - SELECT internship.id, internship.company, internship.role, internship.location, internship.industry, internship.ai_label, internship.summary, internship.requirements, internship.salary, internship.deadline, internship.international_score, internship.logo_url, internship.url, internship.posted_date 
FROM internship 
WHERE internship.url = ?
2026-01-27 20:31:57,084 - INFO - [cached since 0.01042s ago] ('https://disney.wd5.myworkdayjobs.com/disneycareer/job/Glendale-CA-USA/Disney-Live-Entertainment-Technical-Development-Intern--Summer-Fall-2026_10138539?utm_source=Simplify&ref=Simplify',)
2026-01-27 20:31:57,084 - INFO - SELECT internship.id, internship.company, internship.role, internship.location, internship.industry, internship.ai_label, internship.summary, internship.requirements, internship.salary, internship.deadline, internship.international_score, internship.logo_url, internship.url, internship.posted_date 
FROM internship 
WHERE internship.url = ?
2026-01-27 20:31:57,084 - INFO - [cached since 0.0106s ago] ('https://cibc.wd3.myworkdayjobs.com/campus/job/Chicago-IL/Northeastern-Co-op-Software-Engineer-Chicago_2601701?utm_source=Simplify&ref=Simplify',)
2026-01-27 20:31:57,084 - INFO - SELECT internship.id, internship.company, internship.role, internship.location, internship.industry, internship.ai_label, internship.summary, internship.requirements, internship.salary, internship.deadline, internship.international_score, internship.logo_url, internship.url, internship.posted_date 
FROM internship 
WHERE internship.url = ?
2026-01-27 20:31:57,084 - INFO - [cached since 0.01076s ago] ('https://autodesk.wd1.myworkdayjobs.com/Ext/job/AMER---Canada---Ontario---OffsiteHome/Intern--Full-Stack-Developer_25WD92516-1?utm_source=Simplify&ref=Simplify',)
2026-01-27 20:31:57,084 - INFO - SELECT internship.id, internship.company, internship.role, internship.location, internship.industry, internship.ai_label, internship.summary, internship.requirements, internship.salary, internship.deadline, internship.international_score, internship.logo_url, internship.url, internship.posted_date 
FROM internship 
WHERE internship.url = ?
2026-01-27 20:31:57,084 - INFO - [cached since 0.01094s ago] ('https://autodesk.wd1.myworkdayjobs.com/uni/job/AMER---Canada---Ontario---OffsiteHome/Intern--Full-Stack-Developer_25WD92516?utm_source=Simplify&ref=Simplify',)
2026-01-27 20:31:57,084 - INFO - SELECT internship.id, internship.company, internship.role, internship.location, internship.industry, internship.ai_label, internship.summary, internship.requirements, internship.salary, internship.deadline, internship.international_score, internship.logo_url, internship.url, internship.posted_date 
FROM internship 
WHERE internship.url = ?
2026-01-27 20:31:57,084 - INFO - [cached since 0.01111s ago] ('https://bpinternational.wd3.myworkdayjobs.com/bpEarlyCareers/job/United-Kingdom---Sunbury/Summer-Internship---Digital---Digital-Engineering---UK_RQ101238?utm_source=Simplify&ref=Simplify',)
2026-01-27 20:31:57,084 - INFO - SELECT internship.id, internship.company, internship.role, internship.location, internship.industry, internship.ai_label, internship.summary, internship.requirements, internship.salary, internship.deadline, internship.international_score, internship.logo_url, internship.url, internship.posted_date 
FROM internship 
WHERE internship.url = ?
2026-01-27 20:31:57,084 - INFO - [cached since 0.01136s ago] ('https://jobs.ashbyhq.com/Flock%20Safety/28210ab6-8de5-43ff-880f-0aaa61bfa455/application?utm_source=Simplify&ref=Simplify',)
2026-01-27 20:31:57,085 - INFO - SELECT internship.id, internship.company, internship.role, internship.location, internship.industry, internship.ai_label, internship.summary, internship.requirements, internship.salary, internship.deadline, internship.international_score, internship.logo_url, internship.url, internship.posted_date 
FROM internship 
WHERE internship.url = ?
2026-01-27 20:31:57,085 - INFO - [cached since 0.01156s ago] ('https://assurant.wd1.myworkdayjobs.com/External_Limited_Posting/job/United-States-Virtual/Summer-2026--Software-Engineering-Intern_R-112001?utm_source=Simplify&ref=Simplify',)
2026-01-27 20:31:57,085 - INFO - SELECT internship.id, internship.company, internship.role, internship.location, internship.industry, internship.ai_label, internship.summary, internship.requirements, internship.salary, internship.deadline, internship.international_score, internship.logo_url, internship.url, internship.posted_date 
FROM internship 
WHERE internship.url = ?
2026-01-27 20:31:57,085 - INFO - [cached since 0.01175s ago] ('https://assurant.wd1.myworkdayjobs.com/External_Limited_Posting/job/United-States-Virtual/Summer-2026--Technical-Product-Project-Owner-Intern_R-112000?utm_source=Simplify&ref=Simplify',)
2026-01-27 20:31:57,085 - INFO - SELECT internship.id, internship.company, internship.role, internship.location, internship.industry, internship.ai_label, internship.summary, internship.requirements, internship.salary, internship.deadline, internship.international_score, internship.logo_url, internship.url, internship.posted_date 
FROM internship 
WHERE internship.url = ?
2026-01-27 20:31:57,085 - INFO - [cached since 0.01222s ago] ('https://motorolasolutions.wd5.myworkdayjobs.com/Careers/job/St-Petersburg-Business-Center/Software-Development-Intern---Summer-2026-Internship_R61254?utm_source=Simplify&ref=Simplify',)
2026-01-27 20:31:57,086 - INFO - SELECT internship.id, internship.company, internship.role, internship.location, internship.industry, internship.ai_label, internship.summary, internship.requirements, internship.salary, internship.deadline, internship.international_score, internship.logo_url, internship.url, internship.posted_date 
FROM internship 
WHERE internship.url = ?
2026-01-27 20:31:57,086 - INFO - [cached since 0.01247s ago] ('https://motorolasolutions.wd5.myworkdayjobs.com/Careers/job/West-Valley-City-UT/Software-Engineering-Intern---2026-Summer-Internship_R61268?utm_source=Simplify&ref=Simplify',)
2026-01-27 20:31:57,086 - INFO - SELECT internship.id, internship.company, internship.role, internship.location, internship.industry, internship.ai_label, internship.summary, internship.requirements, internship.salary, internship.deadline, internship.international_score, internship.logo_url, internship.url, internship.posted_date 
FROM internship 
WHERE internship.url = ?
2026-01-27 20:31:57,086 - INFO - [cached since 0.01267s ago] ('https://copeland.wd5.myworkdayjobs.com/copeland_external_careers_page/job/Remote-US-Ohio/XMLNAME-2026-Associate-Agile-Engineer-Internship_JR113038?utm_source=Simplify&ref=Simplify',)
2026-01-27 20:31:57,086 - INFO - SELECT internship.id, internship.company, internship.role, internship.location, internship.industry, internship.ai_label, internship.summary, internship.requirements, internship.salary, internship.deadline, internship.international_score, internship.logo_url, internship.url, internship.posted_date 
FROM internship 
WHERE internship.url = ?
2026-01-27 20:31:57,086 - INFO - [cached since 0.01287s ago] ('https://cae.wd3.myworkdayjobs.com/career/job/Arlington-TX/University-of-Texas-at-Arlington---Engineering-Co-op_120146?utm_source=Simplify&ref=Simplify',)
2026-01-27 20:31:57,086 - INFO - SELECT internship.id, internship.company, internship.role, internship.location, internship.industry, internship.ai_label, internship.summary, internship.requirements, internship.salary, internship.deadline, internship.international_score, internship.logo_url, internship.url, internship.posted_date 
FROM internship 
WHERE internship.url = ?
2026-01-27 20:31:57,086 - INFO - [cached since 0.01307s ago] ('https://lifeattiktok.com/search/7595346355196954933?utm_source=Simplify&ref=Simplify',)
2026-01-27 20:31:57,086 - INFO - SELECT internship.id, internship.company, internship.role, internship.location, internship.industry, internship.ai_label, internship.summary, internship.requirements, internship.salary, internship.deadline, internship.international_score, internship.logo_url, internship.url, internship.posted_date 
FROM internship 
WHERE internship.url = ?
2026-01-27 20:31:57,086 - INFO - [cached since 0.01328s ago] ('https://globalhr.wd5.myworkdayjobs.com/rec_rtx_ext_gateway/job/PA602-302-Science-Park-Road-Bldg-5C-302-Science-Park-Road-Building-5C-State-College-PA-16803-2214-USA/XMLNAME-2026-Intern---Software-Fellow-Engineer-Intern---Onsite--PA-_01818749?utm_source=Simplify&ref=Simplify',)
2026-01-27 20:31:57,087 - INFO - SELECT internship.id, internship.company, internship.role, internship.location, internship.industry, internship.ai_label, internship.summary, internship.requirements, internship.salary, internship.deadline, internship.international_score, internship.logo_url, internship.url, internship.posted_date 
FROM internship 
WHERE internship.url = ?
2026-01-27 20:31:57,087 - INFO - [cached since 0.01348s ago] ('https://bmo.wd3.myworkdayjobs.com/Privileged/job/Toronto-ON-CAN/Mainframe-System-Programmer--Summer-2026--Co-op-Internship---4-Months_R260002564?utm_source=Simplify&ref=Simplify',)
2026-01-27 20:31:57,087 - INFO - SELECT internship.id, internship.company, internship.role, internship.location, internship.industry, internship.ai_label, internship.summary, internship.requirements, internship.salary, internship.deadline, internship.international_score, internship.logo_url, internship.url, internship.posted_date 
FROM internship 
WHERE internship.url = ?
2026-01-27 20:31:57,087 - INFO - [cached since 0.01367s ago] ('https://cibc.wd3.myworkdayjobs.com/campus/job/Chicago-IL/XMLNAME-2026-Summer-Intern---Software-Engineer_2523686?utm_source=Simplify&ref=Simplify',)
2026-01-27 20:31:57,087 - INFO - SELECT internship.id, internship.company, internship.role, internship.location, internship.industry, internship.ai_label, internship.summary, internship.requirements, internship.salary, internship.deadline, internship.international_score, internship.logo_url, internship.url, internship.posted_date 
FROM internship 
WHERE internship.url = ?
2026-01-27 20:31:57,087 - INFO - [cached since 0.01387s ago] ('https://bah.wd1.myworkdayjobs.com/Confidential/job/McLean-VA/University--2026-Summer-Games-Systems-Engineering-Intern_R0225531-1?utm_source=Simplify&ref=Simplify',)
2026-01-27 20:31:57,087 - INFO - SELECT internship.id, internship.company, internship.role, internship.location, internship.industry, internship.ai_label, internship.summary, internship.requirements, internship.salary, internship.deadline, internship.international_score, internship.logo_url, internship.url, internship.posted_date 
FROM internship 
WHERE internship.url = ?
2026-01-27 20:31:57,087 - INFO - [cached since 0.01405s ago] ('https://jobs.ashbyhq.com/tandem/82e10191-232e-4e8d-9c5e-cb82940cdfc7/application?utm_source=Simplify&ref=Simplify',)
2026-01-27 20:31:57,087 - INFO - SELECT internship.id, internship.company, internship.role, internship.location, internship.industry, internship.ai_label, internship.summary, internship.requirements, internship.salary, internship.deadline, internship.international_score, internship.logo_url, internship.url, internship.posted_date 
FROM internship 
WHERE internship.url = ?
2026-01-27 20:31:57,087 - INFO - [cached since 0.01424s ago] ('https://fa-evmr-saasfaprod1.fa.ocs.oraclecloud.com/hcmUI/CandidateExperience/en/sites/CX_1/job/30612?utm_source=Simplify&ref=Simplify',)
2026-01-27 20:31:57,088 - INFO - SELECT internship.id, internship.company, internship.role, internship.location, internship.industry, internship.ai_label, internship.summary, internship.requirements, internship.salary, internship.deadline, internship.international_score, internship.logo_url, internship.url, internship.posted_date 
FROM internship 
WHERE internship.url = ?
2026-01-27 20:31:57,088 - INFO - [cached since 0.01443s ago] ('https://job-boards.greenhouse.io/glossgenius/jobs/7600548003?utm_source=Simplify&ref=Simplify',)
2026-01-27 20:31:57,088 - INFO - SELECT internship.id, internship.company, internship.role, internship.location, internship.industry, internship.ai_label, internship.summary, internship.requirements, internship.salary, internship.deadline, internship.international_score, internship.logo_url, internship.url, internship.posted_date 
FROM internship 
WHERE internship.url = ?
2026-01-27 20:31:57,088 - INFO - [cached since 0.0146s ago] ('https://aexp.eightfold.ai/careers/job/39688514?utm_source=Simplify&ref=Simplify',)
2026-01-27 20:31:57,088 - INFO - SELECT internship.id, internship.company, internship.role, internship.location, internship.industry, internship.ai_label, internship.summary, internship.requirements, internship.salary, internship.deadline, internship.international_score, internship.logo_url, internship.url, internship.posted_date 
FROM internship 
WHERE internship.url = ?
2026-01-27 20:31:57,088 - INFO - [cached since 0.01492s ago] ('https://job-boards.greenhouse.io/pmg/jobs/8374921002?utm_source=Simplify&ref=Simplify',)
2026-01-27 20:31:57,088 - INFO - SELECT internship.id, internship.company, internship.role, internship.location, internship.industry, internship.ai_label, internship.summary, internship.requirements, internship.salary, internship.deadline, internship.international_score, internship.logo_url, internship.url, internship.posted_date 
FROM internship 
WHERE internship.url = ?
2026-01-27 20:31:57,088 - INFO - [cached since 0.01516s ago] ('https://www.okta.com/company/careers/opportunity/7555668?gh_jid=7555668&utm_source=Simplify&ref=Simplify',)
2026-01-27 20:31:57,088 - INFO - SELECT internship.id, internship.company, internship.role, internship.location, internship.industry, internship.ai_label, internship.summary, internship.requirements, internship.salary, internship.deadline, internship.international_score, internship.logo_url, internship.url, internship.posted_date 
FROM internship 
WHERE internship.url = ?
2026-01-27 20:31:57,089 - INFO - [cached since 0.01541s ago] ('https://www.okta.com/company/careers/opportunity/7551670?gh_jid=7551670&utm_source=Simplify&ref=Simplify',)
2026-01-27 20:31:57,089 - INFO - SELECT internship.id, internship.company, internship.role, internship.location, internship.industry, internship.ai_label, internship.summary, internship.requirements, internship.salary, internship.deadline, internship.international_score, internship.logo_url, internship.url, internship.posted_date 
FROM internship 
WHERE internship.url = ?
2026-01-27 20:31:57,089 - INFO - [cached since 0.01562s ago] ('https://jobs.ashbyhq.com/airspace-intelligence.com/8d49943d-197e-4b14-b4cf-3df91c7f8437/application?utm_source=Simplify&ref=Simplify',)
2026-01-27 20:31:57,089 - INFO - SELECT internship.id, internship.company, internship.role, internship.location, internship.industry, internship.ai_label, internship.summary, internship.requirements, internship.salary, internship.deadline, internship.international_score, internship.logo_url, internship.url, internship.posted_date 
FROM internship 
WHERE internship.url = ?
2026-01-27 20:31:57,089 - INFO - [cached since 0.01587s ago] ('https://cadence.wd1.myworkdayjobs.com/External_Careers/job/SAN-JOSE/Software-Intern_R51990-1?utm_source=Simplify&ref=Simplify',)
2026-01-27 20:31:57,089 - INFO - SELECT internship.id, internship.company, internship.role, internship.location, internship.industry, internship.ai_label, internship.summary, internship.requirements, internship.salary, internship.deadline, internship.international_score, internship.logo_url, internship.url, internship.posted_date 
FROM internship 
WHERE internship.url = ?
2026-01-27 20:31:57,089 - INFO - [cached since 0.01606s ago] ('https://cadence.wd1.myworkdayjobs.com/Univ_Careers/job/SAN-JOSE/Software-Engineer-Intern--Compilers----Summer-2026_R52507?utm_source=Simplify&ref=Simplify',)
2026-01-27 20:31:57,089 - INFO - SELECT internship.id, internship.company, internship.role, internship.location, internship.industry, internship.ai_label, internship.summary, internship.requirements, internship.salary, internship.deadline, internship.international_score, internship.logo_url, internship.url, internship.posted_date 
FROM internship 
WHERE internship.url = ?
2026-01-27 20:31:57,089 - INFO - [cached since 0.01625s ago] ('https://www.exptechinc.com/careers/?gh_jid=5029560007&utm_source=Simplify&ref=Simplify',)
2026-01-27 20:31:57,090 - INFO - SELECT internship.id, internship.company, internship.role, internship.location, internship.industry, internship.ai_label, internship.summary, internship.requirements, internship.salary, internship.deadline, internship.international_score, internship.logo_url, internship.url, internship.posted_date 
FROM internship 
WHERE internship.url = ?
2026-01-27 20:31:57,090 - INFO - [cached since 0.01643s ago] ('https://uline.wd1.myworkdayjobs.com/en-US/Uline_Careers/job/Pleasant-Prairie-WI/Web-Production-Internship---Summer-2026_R260708?utm_source=Simplify&ref=Simplify',)
2026-01-27 20:31:57,090 - INFO - SELECT internship.id, internship.company, internship.role, internship.location, internship.industry, internship.ai_label, internship.summary, internship.requirements, internship.salary, internship.deadline, internship.international_score, internship.logo_url, internship.url, internship.posted_date 
FROM internship 
WHERE internship.url = ?
2026-01-27 20:31:57,090 - INFO - [cached since 0.01661s ago] ('https://jci.wd5.myworkdayjobs.com/JCI/job/Glendale-Wisconsin-United-States-of-America/Software-Tools-Engineering-Intern_WD30258873?utm_source=Simplify&ref=Simplify',)
2026-01-27 20:31:57,090 - INFO - SELECT internship.id, internship.company, internship.role, internship.location, internship.industry, internship.ai_label, internship.summary, internship.requirements, internship.salary, internship.deadline, internship.international_score, internship.logo_url, internship.url, internship.posted_date 
FROM internship 
WHERE internship.url = ?
2026-01-27 20:31:57,090 - INFO - [cached since 0.01679s ago] ('https://job-boards.greenhouse.io/darkwolfsolutions/jobs/7597991003?utm_source=Simplify&ref=Simplify',)
2026-01-27 20:31:57,090 - INFO - SELECT internship.id, internship.company, internship.role, internship.location, internship.industry, internship.ai_label, internship.summary, internship.requirements, internship.salary, internship.deadline, internship.international_score, internship.logo_url, internship.url, internship.posted_date 
FROM internship 
WHERE internship.url = ?
2026-01-27 20:31:57,090 - INFO - [cached since 0.01697s ago] ('https://rsm.wd1.myworkdayjobs.com/RSMCareers/job/Chicago/Cyber-ServiceNow-Developer-Associate---Summer-2026_JR113648?utm_source=Simplify&ref=Simplify',)
2026-01-27 20:31:57,090 - INFO - SELECT internship.id, internship.company, internship.role, internship.location, internship.industry, internship.ai_label, internship.summary, internship.requirements, internship.salary, internship.deadline, internship.international_score, internship.logo_url, internship.url, internship.posted_date 
FROM internship 
WHERE internship.url = ?
2026-01-27 20:31:57,090 - INFO - [cached since 0.01715s ago] ('https://boards.greenhouse.io/embed/job_app?token=5776185004&utm_source=Simplify&ref=Simplify',)
2026-01-27 20:31:57,090 - INFO - SELECT internship.id, internship.company, internship.role, internship.location, internship.industry, internship.ai_label, internship.summary, internship.requirements, internship.salary, internship.deadline, internship.international_score, internship.logo_url, internship.url, internship.posted_date 
FROM internship 
WHERE internship.url = ?
2026-01-27 20:31:57,090 - INFO - [cached since 0.01735s ago] ('https://www.weareroku.com/jobs/7533355?gh_jid=7533355&utm_source=Simplify&ref=Simplify',)
2026-01-27 20:31:57,091 - INFO - SELECT internship.id, internship.company, internship.role, internship.location, internship.industry, internship.ai_label, internship.summary, internship.requirements, internship.salary, internship.deadline, internship.international_score, internship.logo_url, internship.url, internship.posted_date 
FROM internship 
WHERE internship.url = ?
2026-01-27 20:31:57,091 - INFO - [cached since 0.01753s ago] ('https://www.weareroku.com/jobs/7533354?gh_jid=7533354&utm_source=Simplify&ref=Simplify',)
2026-01-27 20:31:57,091 - INFO - SELECT internship.id, internship.company, internship.role, internship.location, internship.industry, internship.ai_label, internship.summary, internship.requirements, internship.salary, internship.deadline, internship.international_score, internship.logo_url, internship.url, internship.posted_date 
FROM internship 
WHERE internship.url = ?
2026-01-27 20:31:57,091 - INFO - [cached since 0.01772s ago] ('https://job-boards.greenhouse.io/sigmacomputing/jobs/7598782003?utm_source=Simplify&ref=Simplify',)
2026-01-27 20:31:57,091 - INFO - SELECT internship.id, internship.company, internship.role, internship.location, internship.industry, internship.ai_label, internship.summary, internship.requirements, internship.salary, internship.deadline, internship.international_score, internship.logo_url, internship.url, internship.posted_date 
FROM internship 
WHERE internship.url = ?
2026-01-27 20:31:57,091 - INFO - [cached since 0.01789s ago] ('https://zoll.wd5.myworkdayjobs.com/en-US/ZOLLMedicalCorp/job/Pittsburgh-PA/IT-Application-Intern_R17865?utm_source=Simplify&ref=Simplify',)
2026-01-27 20:31:57,091 - INFO - SELECT internship.id, internship.company, internship.role, internship.location, internship.industry, internship.ai_label, internship.summary, internship.requirements, internship.salary, internship.deadline, internship.international_score, internship.logo_url, internship.url, internship.posted_date 
FROM internship 
WHERE internship.url = ?
2026-01-27 20:31:57,091 - INFO - [cached since 0.01806s ago] ('https://www.okta.com/company/careers/opportunity/7547852?gh_jid=7547852&utm_source=Simplify&ref=Simplify',)
2026-01-27 20:31:57,091 - INFO - SELECT internship.id, internship.company, internship.role, internship.location, internship.industry, internship.ai_label, internship.summary, internship.requirements, internship.salary, internship.deadline, internship.international_score, internship.logo_url, internship.url, internship.posted_date 
FROM internship 
WHERE internship.url = ?
2026-01-27 20:31:57,091 - INFO - [cached since 0.01824s ago] ('https://bmo.wd3.myworkdayjobs.com/External/job/San-Ramon-CA-USA/Software-Developer--Summer-2026--Internship----10-weeks_R260002319-1?utm_source=Simplify&ref=Simplify',)
2026-01-27 20:31:57,092 - INFO - SELECT internship.id, internship.company, internship.role, internship.location, internship.industry, internship.ai_label, internship.summary, internship.requirements, internship.salary, internship.deadline, internship.international_score, internship.logo_url, internship.url, internship.posted_date 
FROM internship 
WHERE internship.url = ?
2026-01-27 20:31:57,092 - INFO - [cached since 0.01841s ago] ('https://job-boards.greenhouse.io/skhynixamerica/jobs/5078298008?utm_source=Simplify&ref=Simplify',)
2026-01-27 20:31:57,092 - INFO - SELECT internship.id, internship.company, internship.role, internship.location, internship.industry, internship.ai_label, internship.summary, internship.requirements, internship.salary, internship.deadline, internship.international_score, internship.logo_url, internship.url, internship.posted_date 
FROM internship 
WHERE internship.url = ?
2026-01-27 20:31:57,092 - INFO - [cached since 0.01859s ago] ('https://rsm.wd1.myworkdayjobs.com/RSMCareers/job/Denver-Greenwood/Managed-Application-Services-Consulting-Intern---Summer-2026_JR110951?utm_source=Simplify&ref=Simplify',)
2026-01-27 20:31:57,092 - INFO - SELECT internship.id, internship.company, internship.role, internship.location, internship.industry, internship.ai_label, internship.summary, internship.requirements, internship.salary, internship.deadline, internship.international_score, internship.logo_url, internship.url, internship.posted_date 
FROM internship 
WHERE internship.url = ?
2026-01-27 20:31:57,092 - INFO - [cached since 0.01878s ago] ('https://job-boards.greenhouse.io/verisign/jobs/7453354003?utm_source=Simplify&ref=Simplify',)
2026-01-27 20:31:57,092 - INFO - SELECT internship.id, internship.company, internship.role, internship.location, internship.industry, internship.ai_label, internship.summary, internship.requirements, internship.salary, internship.deadline, internship.international_score, internship.logo_url, internship.url, internship.posted_date 
FROM internship 
WHERE internship.url = ?
2026-01-27 20:31:57,092 - INFO - [cached since 0.01896s ago] ('https://autodesk.wd1.myworkdayjobs.com/uni/job/Montreal-QC-CAN/Stagiaire-en-Dveloppement-Logiciel--Intern-Software-Developer_25WD92638-1?utm_source=Simplify&ref=Simplify',)
2026-01-27 20:31:57,092 - INFO - SELECT internship.id, internship.company, internship.role, internship.location, internship.industry, internship.ai_label, internship.summary, internship.requirements, internship.salary, internship.deadline, internship.international_score, internship.logo_url, internship.url, internship.posted_date 
FROM internship 
WHERE internship.url = ?
2026-01-27 20:31:57,092 - INFO - [cached since 0.01914s ago] ('https://claytonhomes.wd1.myworkdayjobs.com/ClaytonCareers/job/Maryville-TN/Associate-Professional--Intern_JR127100?utm_source=Simplify&ref=Simplify',)
2026-01-27 20:31:57,092 - INFO - SELECT internship.id, internship.company, internship.role, internship.location, internship.industry, internship.ai_label, internship.summary, internship.requirements, internship.salary, internship.deadline, internship.international_score, internship.logo_url, internship.url, internship.posted_date 
FROM internship 
WHERE internship.url = ?
2026-01-27 20:31:57,092 - INFO - [cached since 0.01933s ago] ('https://bmo.wd3.myworkdayjobs.com/External/job/Naperville-IL-USA/Software-Developer--Summer-2026--Internship----10-weeks_R260002068-1?utm_source=Simplify&ref=Simplify',)
2026-01-27 20:31:57,093 - INFO - SELECT internship.id, internship.company, internship.role, internship.location, internship.industry, internship.ai_label, internship.summary, internship.requirements, internship.salary, internship.deadline, internship.international_score, internship.logo_url, internship.url, internship.posted_date 
FROM internship 
WHERE internship.url = ?
2026-01-27 20:31:57,093 - INFO - [cached since 0.01951s ago] ('https://kla.wd1.myworkdayjobs.com/AnnArbor/job/Ann-Arbor-MI/Software-Engineer--AI-ML--Intern_2532577?utm_source=Simplify&ref=Simplify',)
2026-01-27 20:31:57,093 - INFO - SELECT internship.id, internship.company, internship.role, internship.location, internship.industry, internship.ai_label, internship.summary, internship.requirements, internship.salary, internship.deadline, internship.international_score, internship.logo_url, internship.url, internship.posted_date 
FROM internship 
WHERE internship.url = ?
2026-01-27 20:31:57,093 - INFO - [cached since 0.01969s ago] ('https://kla.wd1.myworkdayjobs.com/UR/job/Ann-Arbor-MI/KLAS-Summer-Intern_2532577?utm_source=Simplify&ref=Simplify',)
2026-01-27 20:31:57,093 - INFO - SELECT internship.id, internship.company, internship.role, internship.location, internship.industry, internship.ai_label, internship.summary, internship.requirements, internship.salary, internship.deadline, internship.international_score, internship.logo_url, internship.url, internship.posted_date 
FROM internship 
WHERE internship.url = ?
2026-01-27 20:31:57,093 - INFO - [cached since 0.01988s ago] ('https://kla.wd1.myworkdayjobs.com/UR/job/Milpitas-CA/Application-Engineer-Intern_2532180?utm_source=Simplify&ref=Simplify',)
2026-01-27 20:31:57,093 - INFO - SELECT internship.id, internship.company, internship.role, internship.location, internship.industry, internship.ai_label, internship.summary, internship.requirements, internship.salary, internship.deadline, internship.international_score, internship.logo_url, internship.url, internship.posted_date 
FROM internship 
WHERE internship.url = ?
2026-01-27 20:31:57,093 - INFO - [cached since 0.02005s ago] ('https://kla.wd1.myworkdayjobs.com/UR/job/Milpitas-CA/Software-Intern--GPU-optimization-_2532399-1?utm_source=Simplify&ref=Simplify',)
2026-01-27 20:31:57,093 - INFO - SELECT internship.id, internship.company, internship.role, internship.location, internship.industry, internship.ai_label, internship.summary, internship.requirements, internship.salary, internship.deadline, internship.international_score, internship.logo_url, internship.url, internship.posted_date 
FROM internship 
WHERE internship.url = ?
2026-01-27 20:31:57,093 - INFO - [cached since 0.02024s ago] ('https://rb.wd5.myworkdayjobs.com/en-US/FRS/job/Kansas-City-MO/Internship--Software-Engineer---TechEdge-Program---Summer-2026_R-0000031167-1?utm_source=Simplify&ref=Simplify',)
2026-01-27 20:31:57,094 - INFO - SELECT internship.id, internship.company, internship.role, internship.location, internship.industry, internship.ai_label, internship.summary, internship.requirements, internship.salary, internship.deadline, internship.international_score, internship.logo_url, internship.url, internship.posted_date 
FROM internship 
WHERE internship.url = ?
2026-01-27 20:31:57,094 - INFO - [cached since 0.02041s ago] ('https://jobs.paccar.com/job/Renton-IT-Summer-2026-Intern-Software-Engineering-Internship-GCS-WA-98057/1285530201/?ats=successfactors&utm_source=Simplify&ref=Simplify',)
2026-01-27 20:31:57,094 - INFO - SELECT internship.id, internship.company, internship.role, internship.location, internship.industry, internship.ai_label, internship.summary, internship.requirements, internship.salary, internship.deadline, internship.international_score, internship.logo_url, internship.url, internship.posted_date 
FROM internship 
WHERE internship.url = ?
2026-01-27 20:31:57,094 - INFO - [cached since 0.02059s ago] ('https://dell.wd1.myworkdayjobs.com/External/job/Ottawa-Ontario-Canada/Undergraduate-Intern_R272953?utm_source=Simplify&ref=Simplify',)
2026-01-27 20:31:57,094 - INFO - SELECT internship.id, internship.company, internship.role, internship.location, internship.industry, internship.ai_label, internship.summary, internship.requirements, internship.salary, internship.deadline, internship.international_score, internship.logo_url, internship.url, internship.posted_date 
FROM internship 
WHERE internship.url = ?
2026-01-27 20:31:57,094 - INFO - [cached since 0.02077s ago] ('https://apply.workable.com/altom-transport/j/4B7DECE961/apply?utm_source=Simplify&ref=Simplify',)
2026-01-27 20:31:57,094 - INFO - SELECT internship.id, internship.company, internship.role, internship.location, internship.industry, internship.ai_label, internship.summary, internship.requirements, internship.salary, internship.deadline, internship.international_score, internship.logo_url, internship.url, internship.posted_date 
FROM internship 
WHERE internship.url = ?
2026-01-27 20:31:57,094 - INFO - [cached since 0.02099s ago] ('https://apply.workable.com/altom-transport/j/0D87C19BEC/apply?utm_source=Simplify&ref=Simplify',)
2026-01-27 20:31:57,094 - INFO - SELECT internship.id, internship.company, internship.role, internship.location, internship.industry, internship.ai_label, internship.summary, internship.requirements, internship.salary, internship.deadline, internship.international_score, internship.logo_url, internship.url, internship.posted_date 
FROM internship 
WHERE internship.url = ?
2026-01-27 20:31:57,094 - INFO - [cached since 0.02116s ago] ('https://apply.workable.com/altom-transport/j/3FEED37479/apply?utm_source=Simplify&ref=Simplify',)
2026-01-27 20:31:57,094 - INFO - SELECT internship.id, internship.company, internship.role, internship.location, internship.industry, internship.ai_label, internship.summary, internship.requirements, internship.salary, internship.deadline, internship.international_score, internship.logo_url, internship.url, internship.posted_date 
FROM internship 
WHERE internship.url = ?
2026-01-27 20:31:57,094 - INFO - [cached since 0.02134s ago] ('https://apply.workable.com/al-warren-oil-company-inc/j/AB0449D390/apply?utm_source=Simplify&ref=Simplify',)
2026-01-27 20:31:57,095 - INFO - SELECT internship.id, internship.company, internship.role, internship.location, internship.industry, internship.ai_label, internship.summary, internship.requirements, internship.salary, internship.deadline, internship.international_score, internship.logo_url, internship.url, internship.posted_date 
FROM internship 
WHERE internship.url = ?
2026-01-27 20:31:57,095 - INFO - [cached since 0.02153s ago] ('https://jobs.paccar.com/job/Renton-Software-Engineer-Intern-Mainframe-WA-98057/1285423101/?ats=successfactors&utm_source=Simplify&ref=Simplify',)
2026-01-27 20:31:57,095 - INFO - SELECT internship.id, internship.company, internship.role, internship.location, internship.industry, internship.ai_label, internship.summary, internship.requirements, internship.salary, internship.deadline, internship.international_score, internship.logo_url, internship.url, internship.posted_date 
FROM internship 
WHERE internship.url = ?
2026-01-27 20:31:57,095 - INFO - [cached since 0.0217s ago] ('https://jobs.smartrecruiters.com/CaliforniaISO/744000104561544?utm_source=Simplify&ref=Simplify',)
2026-01-27 20:31:57,095 - INFO - SELECT internship.id, internship.company, internship.role, internship.location, internship.industry, internship.ai_label, internship.summary, internship.requirements, internship.salary, internship.deadline, internship.international_score, internship.logo_url, internship.url, internship.posted_date 
FROM internship 
WHERE internship.url = ?
2026-01-27 20:31:57,095 - INFO - [cached since 0.02191s ago] ('https://jobs.smartrecruiters.com/Sandisk/744000104527305?utm_source=Simplify&ref=Simplify',)
2026-01-27 20:31:57,095 - INFO - SELECT internship.id, internship.company, internship.role, internship.location, internship.industry, internship.ai_label, internship.summary, internship.requirements, internship.salary, internship.deadline, internship.international_score, internship.logo_url, internship.url, internship.posted_date 
FROM internship 
WHERE internship.url = ?
2026-01-27 20:31:57,095 - INFO - [cached since 0.0222s ago] ('https://fa-evmr-saasfaprod1.fa.ocs.oraclecloud.com/hcmUI/CandidateExperience/en/sites/CX_1/job/28902?utm_source=Simplify&ref=Simplify',)
2026-01-27 20:31:57,096 - INFO - SELECT internship.id, internship.company, internship.role, internship.location, internship.industry, internship.ai_label, internship.summary, internship.requirements, internship.salary, internship.deadline, internship.international_score, internship.logo_url, internship.url, internship.posted_date 
FROM internship 
WHERE internship.url = ?
2026-01-27 20:31:57,096 - INFO - [cached since 0.02241s ago] ('https://kcura.wd1.myworkdayjobs.com/en-US/External_Career_Site/job/Illinois/Software-Engineering-Intern---Data-Breach-Response_26-0028?utm_source=Simplify&ref=Simplify',)
2026-01-27 20:31:57,096 - INFO - SELECT internship.id, internship.company, internship.role, internship.location, internship.industry, internship.ai_label, internship.summary, internship.requirements, internship.salary, internship.deadline, internship.international_score, internship.logo_url, internship.url, internship.posted_date 
FROM internship 
WHERE internship.url = ?
2026-01-27 20:31:57,096 - INFO - [cached since 0.02263s ago] ('https://td.wd3.myworkdayjobs.com/TD_Bank_Careers/job/Toronto-Ontario/Software-Engineer-Intern-Co-op_R_1467905?utm_source=Simplify&ref=Simplify',)
2026-01-27 20:31:57,096 - INFO - SELECT internship.id, internship.company, internship.role, internship.location, internship.industry, internship.ai_label, internship.summary, internship.requirements, internship.salary, internship.deadline, internship.international_score, internship.logo_url, internship.url, internship.posted_date 
FROM internship 
WHERE internship.url = ?
2026-01-27 20:31:57,096 - INFO - [cached since 0.02284s ago] ('https://fa-evmr-saasfaprod1.fa.ocs.oraclecloud.com/hcmUI/CandidateExperience/en/sites/CX_1/job/28739?utm_source=Simplify&ref=Simplify',)
2026-01-27 20:31:57,096 - INFO - SELECT internship.id, internship.company, internship.role, internship.location, internship.industry, internship.ai_label, internship.summary, internship.requirements, internship.salary, internship.deadline, internship.international_score, internship.logo_url, internship.url, internship.posted_date 
FROM internship 
WHERE internship.url = ?
2026-01-27 20:31:57,096 - INFO - [cached since 0.02303s ago] ('https://bmo.wd3.myworkdayjobs.com/External/job/Calgary-AB-CAN/Software-Developer--Summer-2026--Co-op-Internship----4-months_R260002014-3?utm_source=Simplify&ref=Simplify',)
2026-01-27 20:31:57,096 - INFO - SELECT internship.id, internship.company, internship.role, internship.location, internship.industry, internship.ai_label, internship.summary, internship.requirements, internship.salary, internship.deadline, internship.international_score, internship.logo_url, internship.url, internship.posted_date 
FROM internship 
WHERE internship.url = ?
2026-01-27 20:31:57,096 - INFO - [cached since 0.02323s ago] ('https://job-boards.greenhouse.io/clear/jobs/7546221?utm_source=Simplify&ref=Simplify',)
2026-01-27 20:31:57,097 - INFO - SELECT internship.id, internship.company, internship.role, internship.location, internship.industry, internship.ai_label, internship.summary, internship.requirements, internship.salary, internship.deadline, internship.international_score, internship.logo_url, internship.url, internship.posted_date 
FROM internship 
WHERE internship.url = ?
2026-01-27 20:31:57,097 - INFO - [cached since 0.02341s ago] ('https://boomi.com/boomi-jobs/?gh_jid=5764486004&utm_source=Simplify&ref=Simplify',)
2026-01-27 20:31:57,097 - INFO - SELECT internship.id, internship.company, internship.role, internship.location, internship.industry, internship.ai_label, internship.summary, internship.requirements, internship.salary, internship.deadline, internship.international_score, internship.logo_url, internship.url, internship.posted_date 
FROM internship 
WHERE internship.url = ?
2026-01-27 20:31:57,097 - INFO - [cached since 0.02359s ago] ('https://philips.wd3.myworkdayjobs.com/jobs-and-careers/job/Cambridge-US-Massachusetts-United-States/Intern---Full-Stack-Developer--Genome-Informatics---Cambridge--MA---Summer-2026_572285?utm_source=Simplify&ref=Simplify',)
2026-01-27 20:31:57,097 - INFO - SELECT internship.id, internship.company, internship.role, internship.location, internship.industry, internship.ai_label, internship.summary, internship.requirements, internship.salary, internship.deadline, internship.international_score, internship.logo_url, internship.url, internship.posted_date 
FROM internship 
WHERE internship.url = ?
2026-01-27 20:31:57,097 - INFO - [cached since 0.02378s ago] ('https://jobs.lever.co/wealthsimple/6d809709-f7e2-410c-b186-869ebc960994/apply?utm_source=Simplify&ref=Simplify',)
2026-01-27 20:31:57,097 - INFO - SELECT internship.id, internship.company, internship.role, internship.location, internship.industry, internship.ai_label, internship.summary, internship.requirements, internship.salary, internship.deadline, internship.international_score, internship.logo_url, internship.url, internship.posted_date 
FROM internship 
WHERE internship.url = ?
2026-01-27 20:31:57,097 - INFO - [cached since 0.02397s ago] ('https://lifeattiktok.com/search/7595344466313529653?utm_source=Simplify&ref=Simplify',)
2026-01-27 20:31:57,097 - INFO - SELECT internship.id, internship.company, internship.role, internship.location, internship.industry, internship.ai_label, internship.summary, internship.requirements, internship.salary, internship.deadline, internship.international_score, internship.logo_url, internship.url, internship.posted_date 
FROM internship 
WHERE internship.url = ?
2026-01-27 20:31:57,097 - INFO - [cached since 0.02415s ago] ('https://job-boards.greenhouse.io/verkada/jobs/5024322007?utm_source=Simplify&ref=Simplify',)
2026-01-27 20:31:57,097 - INFO - SELECT internship.id, internship.company, internship.role, internship.location, internship.industry, internship.ai_label, internship.summary, internship.requirements, internship.salary, internship.deadline, internship.international_score, internship.logo_url, internship.url, internship.posted_date 
FROM internship 
WHERE internship.url = ?
2026-01-27 20:31:57,097 - INFO - [cached since 0.02433s ago] ('https://job-boards.greenhouse.io/verkada/jobs/5026094007?utm_source=Simplify&ref=Simplify',)
2026-01-27 20:31:57,098 - INFO - SELECT internship.id, internship.company, internship.role, internship.location, internship.industry, internship.ai_label, internship.summary, internship.requirements, internship.salary, internship.deadline, internship.international_score, internship.logo_url, internship.url, internship.posted_date 
FROM internship 
WHERE internship.url = ?
2026-01-27 20:31:57,098 - INFO - [cached since 0.0245s ago] ('https://lifeattiktok.com/search/7595733632086591797?utm_source=Simplify&ref=Simplify',)
2026-01-27 20:31:57,098 - INFO - SELECT internship.id, internship.company, internship.role, internship.location, internship.industry, internship.ai_label, internship.summary, internship.requirements, internship.salary, internship.deadline, internship.international_score, internship.logo_url, internship.url, internship.posted_date 
FROM internship 
WHERE internship.url = ?
2026-01-27 20:31:57,098 - INFO - [cached since 0.02467s ago] ('https://kbr.wd5.myworkdayjobs.com/KBR_Careers/job/Sioux-Falls-South-Dakota/Software-Engineer-Intern_R2117627?utm_source=Simplify&ref=Simplify',)
2026-01-27 20:31:57,098 - INFO - SELECT internship.id, internship.company, internship.role, internship.location, internship.industry, internship.ai_label, internship.summary, internship.requirements, internship.salary, internship.deadline, internship.international_score, internship.logo_url, internship.url, internship.posted_date 
FROM internship 
WHERE internship.url = ?
2026-01-27 20:31:57,098 - INFO - [cached since 0.02484s ago] ('https://massanf.taleo.net/careersection/ex/jobdetail.ftl?job=260000AH&utm_source=Simplify&ref=Simplify',)
2026-01-27 20:31:57,098 - INFO - SELECT internship.id, internship.company, internship.role, internship.location, internship.industry, internship.ai_label, internship.summary, internship.requirements, internship.salary, internship.deadline, internship.international_score, internship.logo_url, internship.url, internship.posted_date 
FROM internship 
WHERE internship.url = ?
2026-01-27 20:31:57,098 - INFO - [cached since 0.02502s ago] ('https://massanf.taleo.net/careersection/ex/jobdetail.ftl?job=260000AB&utm_source=Simplify&ref=Simplify',)
2026-01-27 20:31:57,098 - INFO - SELECT internship.id, internship.company, internship.role, internship.location, internship.industry, internship.ai_label, internship.summary, internship.requirements, internship.salary, internship.deadline, internship.international_score, internship.logo_url, internship.url, internship.posted_date 
FROM internship 
WHERE internship.url = ?
2026-01-27 20:31:57,098 - INFO - [cached since 0.02519s ago] ('https://jobs.lever.co/waabi/9873fd9d-285f-4bf5-ac74-f69547615bc9/apply?utm_source=Simplify&ref=Simplify',)
2026-01-27 20:31:57,098 - INFO - SELECT internship.id, internship.company, internship.role, internship.location, internship.industry, internship.ai_label, internship.summary, internship.requirements, internship.salary, internship.deadline, internship.international_score, internship.logo_url, internship.url, internship.posted_date 
FROM internship 
WHERE internship.url = ?
2026-01-27 20:31:57,098 - INFO - [cached since 0.02536s ago] ('https://job-boards.greenhouse.io/auctane/jobs/7485087003?utm_source=Simplify&ref=Simplify',)
2026-01-27 20:31:57,099 - INFO - SELECT internship.id, internship.company, internship.role, internship.location, internship.industry, internship.ai_label, internship.summary, internship.requirements, internship.salary, internship.deadline, internship.international_score, internship.logo_url, internship.url, internship.posted_date 
FROM internship 
WHERE internship.url = ?
2026-01-27 20:31:57,099 - INFO - [cached since 0.02555s ago] ('https://uline.wd1.myworkdayjobs.com/en-US/Uline_Careers/job/Pleasant-Prairie-WI/Software-Developer-Internship---Summer-2026_R260582?utm_source=Simplify&ref=Simplify',)
2026-01-27 20:31:57,099 - INFO - SELECT internship.id, internship.company, internship.role, internship.location, internship.industry, internship.ai_label, internship.summary, internship.requirements, internship.salary, internship.deadline, internship.international_score, internship.logo_url, internship.url, internship.posted_date 
FROM internship 
WHERE internship.url = ?
2026-01-27 20:31:57,099 - INFO - [cached since 0.02573s ago] ('https://bci.wd10.myworkdayjobs.com/BCI_Careers/job/Victoria-BC/Enterprise-Solutions--Software-Engineer-Co-op-Internship--Summer-and-or-Fall-2026-_JR101373?utm_source=Simplify&ref=Simplify',)
2026-01-27 20:31:57,099 - INFO - SELECT internship.id, internship.company, internship.role, internship.location, internship.industry, internship.ai_label, internship.summary, internship.requirements, internship.salary, internship.deadline, internship.international_score, internship.logo_url, internship.url, internship.posted_date 
FROM internship 
WHERE internship.url = ?
2026-01-27 20:31:57,099 - INFO - [cached since 0.02591s ago] ('https://bci.wd10.myworkdayjobs.com/BCI_Careers/job/Victoria-BC/Software-Engineering--MIITS--Co-op-Internship--Summer---Fall-2026-_JR101364?utm_source=Simplify&ref=Simplify',)
2026-01-27 20:31:57,099 - INFO - SELECT internship.id, internship.company, internship.role, internship.location, internship.industry, internship.ai_label, internship.summary, internship.requirements, internship.salary, internship.deadline, internship.international_score, internship.logo_url, internship.url, internship.posted_date 
FROM internship 
WHERE internship.url = ?
2026-01-27 20:31:57,099 - INFO - [cached since 0.02609s ago] ('https://lifeattiktok.com/search/7572665884037826869?utm_source=Simplify&ref=Simplify',)
2026-01-27 20:31:57,099 - INFO - SELECT internship.id, internship.company, internship.role, internship.location, internship.industry, internship.ai_label, internship.summary, internship.requirements, internship.salary, internship.deadline, internship.international_score, internship.logo_url, internship.url, internship.posted_date 
FROM internship 
WHERE internship.url = ?
2026-01-27 20:31:57,099 - INFO - [cached since 0.02627s ago] ('https://lifeattiktok.com/search/7536042624604997896?utm_source=Simplify&ref=Simplify',)
2026-01-27 20:31:57,100 - INFO - SELECT internship.id, internship.company, internship.role, internship.location, internship.industry, internship.ai_label, internship.summary, internship.requirements, internship.salary, internship.deadline, internship.international_score, internship.logo_url, internship.url, internship.posted_date 
FROM internship 
WHERE internship.url = ?
2026-01-27 20:31:57,100 - INFO - [cached since 0.02645s ago] ('https://lifeattiktok.com/search/7595305817516165381?utm_source=Simplify&ref=Simplify',)
2026-01-27 20:31:57,100 - INFO - SELECT internship.id, internship.company, internship.role, internship.location, internship.industry, internship.ai_label, internship.summary, internship.requirements, internship.salary, internship.deadline, internship.international_score, internship.logo_url, internship.url, internship.posted_date 
FROM internship 
WHERE internship.url = ?
2026-01-27 20:31:57,100 - INFO - [cached since 0.02662s ago] ('https://lifeattiktok.com/search/7595306554946193717?utm_source=Simplify&ref=Simplify',)
2026-01-27 20:31:57,100 - INFO - SELECT internship.id, internship.company, internship.role, internship.location, internship.industry, internship.ai_label, internship.summary, internship.requirements, internship.salary, internship.deadline, internship.international_score, internship.logo_url, internship.url, internship.posted_date 
FROM internship 
WHERE internship.url = ?
2026-01-27 20:31:57,100 - INFO - [cached since 0.0268s ago] ('https://jobs.lever.co/zoox/4770d734-9d08-4eae-abb5-6002495ca147/apply?utm_source=Simplify&ref=Simplify',)
2026-01-27 20:31:57,100 - INFO - SELECT internship.id, internship.company, internship.role, internship.location, internship.industry, internship.ai_label, internship.summary, internship.requirements, internship.salary, internship.deadline, internship.international_score, internship.logo_url, internship.url, internship.posted_date 
FROM internship 
WHERE internship.url = ?
2026-01-27 20:31:57,100 - INFO - [cached since 0.02698s ago] ('https://job-boards.greenhouse.io/samsungresearchamericainternship/jobs/8356208002?utm_source=Simplify&ref=Simplify',)
2026-01-27 20:31:57,100 - INFO - SELECT internship.id, internship.company, internship.role, internship.location, internship.industry, internship.ai_label, internship.summary, internship.requirements, internship.salary, internship.deadline, internship.international_score, internship.logo_url, internship.url, internship.posted_date 
FROM internship 
WHERE internship.url = ?
2026-01-27 20:31:57,100 - INFO - [cached since 0.02716s ago] ('https://job-boards.greenhouse.io/obsidiansecurity/jobs/4788725008?utm_source=Simplify&ref=Simplify',)
2026-01-27 20:31:57,100 - INFO - SELECT internship.id, internship.company, internship.role, internship.location, internship.industry, internship.ai_label, internship.summary, internship.requirements, internship.salary, internship.deadline, internship.international_score, internship.logo_url, internship.url, internship.posted_date 
FROM internship 
WHERE internship.url = ?
2026-01-27 20:31:57,101 - INFO - [cached since 0.02739s ago] ('https://cox.wd1.myworkdayjobs.com/Cox_External_Career_Site_1/job/Draper-UT/Software-Engineering-Intern--Draper--UT---Summer-2026_R202671816?utm_source=Simplify&ref=Simplify',)
2026-01-27 20:31:57,101 - INFO - SELECT internship.id, internship.company, internship.role, internship.location, internship.industry, internship.ai_label, internship.summary, internship.requirements, internship.salary, internship.deadline, internship.international_score, internship.logo_url, internship.url, internship.posted_date 
FROM internship 
WHERE internship.url = ?
2026-01-27 20:31:57,101 - INFO - [cached since 0.02757s ago] ('https://parsons.wd5.myworkdayjobs.com/en-US/search/job/US---CO-Westminster/Software-Development-Intern---Summer-2026_R176219-2?utm_source=Simplify&ref=Simplify',)
2026-01-27 20:31:57,101 - INFO - SELECT internship.id, internship.company, internship.role, internship.location, internship.industry, internship.ai_label, internship.summary, internship.requirements, internship.salary, internship.deadline, internship.international_score, internship.logo_url, internship.url, internship.posted_date 
FROM internship 
WHERE internship.url = ?
2026-01-27 20:31:57,101 - INFO - [cached since 0.02775s ago] ('https://amazon.jobs/en/jobs/3137751/cloud-support-engineer-internship-2026-us?utm_source=Simplify&ref=Simplify',)
2026-01-27 20:31:57,101 - INFO - SELECT internship.id, internship.company, internship.role, internship.location, internship.industry, internship.ai_label, internship.summary, internship.requirements, internship.salary, internship.deadline, internship.international_score, internship.logo_url, internship.url, internship.posted_date 
FROM internship 
WHERE internship.url = ?
2026-01-27 20:31:57,101 - INFO - [cached since 0.02793s ago] ('https://tmobile.wd1.myworkdayjobs.com/External/job/Atlanta-Georgia/Summer-2026-Software-Engineering-Internship_REQ341139?utm_source=Simplify&ref=Simplify',)
2026-01-27 20:31:57,101 - INFO - SELECT internship.id, internship.company, internship.role, internship.location, internship.industry, internship.ai_label, internship.summary, internship.requirements, internship.salary, internship.deadline, internship.international_score, internship.logo_url, internship.url, internship.posted_date 
FROM internship 
WHERE internship.url = ?
2026-01-27 20:31:57,101 - INFO - [cached since 0.0281s ago] ('https://pru.wd5.myworkdayjobs.com/Careers/job/Newark-NJ-USA/PGIM--2026-Quantitative-Solutions--Investment-Technology-Summer-Associate-Internship--MBA-Masters-_R-122963-1?utm_source=Simplify&ref=Simplify',)
2026-01-27 20:31:57,101 - INFO - SELECT internship.id, internship.company, internship.role, internship.location, internship.industry, internship.ai_label, internship.summary, internship.requirements, internship.salary, internship.deadline, internship.international_score, internship.logo_url, internship.url, internship.posted_date 
FROM internship 
WHERE internship.url = ?
2026-01-27 20:31:57,101 - INFO - [cached since 0.02827s ago] ('https://cadence.wd1.myworkdayjobs.com/University_Talent_Intern/job/SAN-JOSE/Software-Engineer-Intern--Compilers----Summer-2026_R52507-2?utm_source=Simplify&ref=Simplify',)
2026-01-27 20:31:57,102 - INFO - SELECT internship.id, internship.company, internship.role, internship.location, internship.industry, internship.ai_label, internship.summary, internship.requirements, internship.salary, internship.deadline, internship.international_score, internship.logo_url, internship.url, internship.posted_date 
FROM internship 
WHERE internship.url = ?
2026-01-27 20:31:57,102 - INFO - [cached since 0.02844s ago] ('https://cadence.wd1.myworkdayjobs.com/University_Talent/job/SAN-JOSE/Software-Engineer-Intern--Compilers----Summer-2026_R52507-3?utm_source=Simplify&ref=Simplify',)
2026-01-27 20:31:57,102 - INFO - SELECT internship.id, internship.company, internship.role, internship.location, internship.industry, internship.ai_label, internship.summary, internship.requirements, internship.salary, internship.deadline, internship.international_score, internship.logo_url, internship.url, internship.posted_date 
FROM internship 
WHERE internship.url = ?
2026-01-27 20:31:57,102 - INFO - [cached since 0.02861s ago] ('https://tmobile.wd1.myworkdayjobs.com/External/job/Atlanta-Georgia/Summer-2026-Software-Engineering-Internship_REQ341146?utm_source=Simplify&ref=Simplify',)
2026-01-27 20:31:57,102 - INFO - SELECT internship.id, internship.company, internship.role, internship.location, internship.industry, internship.ai_label, internship.summary, internship.requirements, internship.salary, internship.deadline, internship.international_score, internship.logo_url, internship.url, internship.posted_date 
FROM internship 
WHERE internship.url = ?
2026-01-27 20:31:57,102 - INFO - [cached since 0.02878s ago] ('https://job-boards.greenhouse.io/astranis/jobs/4643730006?utm_source=Simplify&ref=Simplify',)
2026-01-27 20:31:57,102 - INFO - SELECT internship.id, internship.company, internship.role, internship.location, internship.industry, internship.ai_label, internship.summary, internship.requirements, internship.salary, internship.deadline, internship.international_score, internship.logo_url, internship.url, internship.posted_date 
FROM internship 
WHERE internship.url = ?
2026-01-27 20:31:57,102 - INFO - [cached since 0.02895s ago] ('https://jobs.lever.co/veeva/4df9c2ca-d702-4d41-af82-290deff66564/apply?utm_source=Simplify&ref=Simplify',)
2026-01-27 20:31:57,102 - INFO - SELECT internship.id, internship.company, internship.role, internship.location, internship.industry, internship.ai_label, internship.summary, internship.requirements, internship.salary, internship.deadline, internship.international_score, internship.logo_url, internship.url, internship.posted_date 
FROM internship 
WHERE internship.url = ?
2026-01-27 20:31:57,102 - INFO - [cached since 0.02913s ago] ('https://www.exiger.com/careers/5751719004?gh_jid=5751719004&utm_source=Simplify&ref=Simplify',)
2026-01-27 20:31:57,102 - INFO - SELECT internship.id, internship.company, internship.role, internship.location, internship.industry, internship.ai_label, internship.summary, internship.requirements, internship.salary, internship.deadline, internship.international_score, internship.logo_url, internship.url, internship.posted_date 
FROM internship 
WHERE internship.url = ?
2026-01-27 20:31:57,102 - INFO - [cached since 0.0293s ago] ('https://careers-lmi.icims.com/jobs/13506/job?mobile=true&needsRedirect=false&utm_source=Simplify&ref=Simplify',)
2026-01-27 20:31:57,103 - INFO - SELECT internship.id, internship.company, internship.role, internship.location, internship.industry, internship.ai_label, internship.summary, internship.requirements, internship.salary, internship.deadline, internship.international_score, internship.logo_url, internship.url, internship.posted_date 
FROM internship 
WHERE internship.url = ?
2026-01-27 20:31:57,103 - INFO - [cached since 0.02947s ago] ('https://ats.rippling.com/tive-careers/jobs/e7ed0c47-bf2e-4105-a793-e48dc0e0f710?utm_source=Simplify&ref=Simplify',)
2026-01-27 20:31:57,103 - INFO - SELECT internship.id, internship.company, internship.role, internship.location, internship.industry, internship.ai_label, internship.summary, internship.requirements, internship.salary, internship.deadline, internship.international_score, internship.logo_url, internship.url, internship.posted_date 
FROM internship 
WHERE internship.url = ?
2026-01-27 20:31:57,103 - INFO - [cached since 0.02964s ago] ('https://jobs.ashbyhq.com/mach9/c6a9ab04-d9ba-4b09-9d2e-1f0e2441e580/application?utm_source=Simplify&ref=Simplify',)
2026-01-27 20:31:57,103 - INFO - SELECT internship.id, internship.company, internship.role, internship.location, internship.industry, internship.ai_label, internship.summary, internship.requirements, internship.salary, internship.deadline, internship.international_score, internship.logo_url, internship.url, internship.posted_date 
FROM internship 
WHERE internship.url = ?
2026-01-27 20:31:57,103 - INFO - [cached since 0.02982s ago] ('https://wellsky.wd1.myworkdayjobs.com/WellSkyCareers/job/Overland-Park-KS/Software-Engineer-Intern---Summer-2026_JR4297?utm_source=Simplify&ref=Simplify',)
2026-01-27 20:31:57,103 - INFO - SELECT internship.id, internship.company, internship.role, internship.location, internship.industry, internship.ai_label, internship.summary, internship.requirements, internship.salary, internship.deadline, internship.international_score, internship.logo_url, internship.url, internship.posted_date 
FROM internship 
WHERE internship.url = ?
2026-01-27 20:31:57,103 - INFO - [cached since 0.02999s ago] ('https://tmobile.wd1.myworkdayjobs.com/External/job/Atlanta-Georgia/Summer-2026-Software-Engineering-Internship_REQ341141?utm_source=Simplify&ref=Simplify',)
2026-01-27 20:31:57,103 - INFO - SELECT internship.id, internship.company, internship.role, internship.location, internship.industry, internship.ai_label, internship.summary, internship.requirements, internship.salary, internship.deadline, internship.international_score, internship.logo_url, internship.url, internship.posted_date 
FROM internship 
WHERE internship.url = ?
2026-01-27 20:31:57,103 - INFO - [cached since 0.03016s ago] ('https://job-boards.greenhouse.io/systemstechnologyresearch/jobs/4643134006?utm_source=Simplify&ref=Simplify',)
2026-01-27 20:31:57,103 - INFO - SELECT internship.id, internship.company, internship.role, internship.location, internship.industry, internship.ai_label, internship.summary, internship.requirements, internship.salary, internship.deadline, internship.international_score, internship.logo_url, internship.url, internship.posted_date 
FROM internship 
WHERE internship.url = ?
2026-01-27 20:31:57,103 - INFO - [cached since 0.03033s ago] ('https://micron.wd1.myworkdayjobs.com/External/job/Boise-ID---Main-Site/Intern---IT-Software-Engineer--EA-EPS_JR88322?utm_source=Simplify&ref=Simplify',)
2026-01-27 20:31:57,104 - INFO - SELECT internship.id, internship.company, internship.role, internship.location, internship.industry, internship.ai_label, internship.summary, internship.requirements, internship.salary, internship.deadline, internship.international_score, internship.logo_url, internship.url, internship.posted_date 
FROM internship 
WHERE internship.url = ?
2026-01-27 20:31:57,104 - INFO - [cached since 0.0305s ago] ('https://walmart.wd5.myworkdayjobs.com/WalmartExternal/job/Bentonville-AR/XMLNAME-2026-Summer-Intern--Software-Engineering-II--Bentonville-_R-2354856?utm_source=Simplify&ref=Simplify',)
2026-01-27 20:31:57,104 - INFO - SELECT internship.id, internship.company, internship.role, internship.location, internship.industry, internship.ai_label, internship.summary, internship.requirements, internship.salary, internship.deadline, internship.international_score, internship.logo_url, internship.url, internship.posted_date 
FROM internship 
WHERE internship.url = ?
2026-01-27 20:31:57,104 - INFO - [cached since 0.03066s ago] ('https://factset.wd108.myworkdayjobs.com/FactSetCareers/job/London-GBR/Engineering-Internship--London---Summer-2026_R29473?utm_source=Simplify&ref=Simplify',)
2026-01-27 20:31:57,104 - INFO - SELECT internship.id, internship.company, internship.role, internship.location, internship.industry, internship.ai_label, internship.summary, internship.requirements, internship.salary, internship.deadline, internship.international_score, internship.logo_url, internship.url, internship.posted_date 
FROM internship 
WHERE internship.url = ?
2026-01-27 20:31:57,104 - INFO - [cached since 0.03083s ago] ('https://boards.greenhouse.io/embed/job_app?token=7392439&utm_source=Simplify&ref=Simplify',)
2026-01-27 20:31:57,104 - INFO - SELECT internship.id, internship.company, internship.role, internship.location, internship.industry, internship.ai_label, internship.summary, internship.requirements, internship.salary, internship.deadline, internship.international_score, internship.logo_url, internship.url, internship.posted_date 
FROM internship 
WHERE internship.url = ?
2026-01-27 20:31:57,104 - INFO - [cached since 0.031s ago] ('https://qualcomm.eightfold.ai/careers/job/446716147642?utm_source=Simplify&ref=Simplify',)
2026-01-27 20:31:57,104 - INFO - SELECT internship.id, internship.company, internship.role, internship.location, internship.industry, internship.ai_label, internship.summary, internship.requirements, internship.salary, internship.deadline, internship.international_score, internship.logo_url, internship.url, internship.posted_date 
FROM internship 
WHERE internship.url = ?
2026-01-27 20:31:57,104 - INFO - [cached since 0.03117s ago] ('https://job-boards.greenhouse.io/internshiplist2000/jobs/5013947008?utm_source=Simplify&ref=Simplify',)
2026-01-27 20:31:57,104 - INFO - SELECT internship.id, internship.company, internship.role, internship.location, internship.industry, internship.ai_label, internship.summary, internship.requirements, internship.salary, internship.deadline, internship.international_score, internship.logo_url, internship.url, internship.posted_date 
FROM internship 
WHERE internship.url = ?
2026-01-27 20:31:57,104 - INFO - [cached since 0.03136s ago] ('https://qtsdatacenters.wd5.myworkdayjobs.com/qts/job/Suwanee-GA/Summer-2026-Internship--Software-Engineering--Automation-Tool-Design-and-or-Software-Project-Management_R2026-0025?utm_source=Simplify&ref=Simplify',)
2026-01-27 20:31:57,105 - INFO - SELECT internship.id, internship.company, internship.role, internship.location, internship.industry, internship.ai_label, internship.summary, internship.requirements, internship.salary, internship.deadline, internship.international_score, internship.logo_url, internship.url, internship.posted_date 
FROM internship 
WHERE internship.url = ?
2026-01-27 20:31:57,105 - INFO - [cached since 0.03154s ago] ('https://jobs.ashbyhq.com/cobot/86933504-7a8f-46d1-a745-edfe53c47427/application?utm_source=Simplify&ref=Simplify',)
2026-01-27 20:31:57,105 - INFO - SELECT internship.id, internship.company, internship.role, internship.location, internship.industry, internship.ai_label, internship.summary, internship.requirements, internship.salary, internship.deadline, internship.international_score, internship.logo_url, internship.url, internship.posted_date 
FROM internship 
WHERE internship.url = ?
2026-01-27 20:31:57,105 - INFO - [cached since 0.03171s ago] ('https://job-boards.greenhouse.io/internshiplist2000/jobs/5014088008?utm_source=Simplify&ref=Simplify',)
2026-01-27 20:31:57,105 - INFO - SELECT internship.id, internship.company, internship.role, internship.location, internship.industry, internship.ai_label, internship.summary, internship.requirements, internship.salary, internship.deadline, internship.international_score, internship.logo_url, internship.url, internship.posted_date 
FROM internship 
WHERE internship.url = ?
2026-01-27 20:31:57,105 - INFO - [cached since 0.03188s ago] ('https://job-boards.greenhouse.io/nex/jobs/5057399008?utm_source=Simplify&ref=Simplify',)
2026-01-27 20:31:57,105 - INFO - SELECT internship.id, internship.company, internship.role, internship.location, internship.industry, internship.ai_label, internship.summary, internship.requirements, internship.salary, internship.deadline, internship.international_score, internship.logo_url, internship.url, internship.posted_date 
FROM internship 
WHERE internship.url = ?
2026-01-27 20:31:57,105 - INFO - [cached since 0.03205s ago] ('https://careers-peraton.icims.com/jobs/162553/job?mobile=true&needsRedirect=false&utm_source=Simplify&ref=Simplify',)
2026-01-27 20:31:57,105 - INFO - SELECT internship.id, internship.company, internship.role, internship.location, internship.industry, internship.ai_label, internship.summary, internship.requirements, internship.salary, internship.deadline, internship.international_score, internship.logo_url, internship.url, internship.posted_date 
FROM internship 
WHERE internship.url = ?
2026-01-27 20:31:57,105 - INFO - [cached since 0.03222s ago] ('https://tmobile.wd1.myworkdayjobs.com/External/job/Atlanta-Georgia/Summer-2026-Software-Engineering-Internship_REQ341142?utm_source=Simplify&ref=Simplify',)
2026-01-27 20:31:57,105 - INFO - SELECT internship.id, internship.company, internship.role, internship.location, internship.industry, internship.ai_label, internship.summary, internship.requirements, internship.salary, internship.deadline, internship.international_score, internship.logo_url, internship.url, internship.posted_date 
FROM internship 
WHERE internship.url = ?
2026-01-27 20:31:57,106 - INFO - [cached since 0.03239s ago] ('https://gaig.wd1.myworkdayjobs.com/GAIG_External/job/Cincinnati-OH-USA/Application-Paired-Programming-Developer-Claims-Lab-Intern_R8238-1?utm_source=Simplify&ref=Simplify',)
2026-01-27 20:31:57,106 - INFO - SELECT internship.id, internship.company, internship.role, internship.location, internship.industry, internship.ai_label, internship.summary, internship.requirements, internship.salary, internship.deadline, internship.international_score, internship.logo_url, internship.url, internship.posted_date 
FROM internship 
WHERE internship.url = ?
2026-01-27 20:31:57,106 - INFO - [cached since 0.03256s ago] ('https://egcu.fa.us6.oraclecloud.com/hcmUI/CandidateExperience/en/sites/CX/job/3588?utm_source=Simplify&ref=Simplify',)
2026-01-27 20:31:57,106 - INFO - SELECT internship.id, internship.company, internship.role, internship.location, internship.industry, internship.ai_label, internship.summary, internship.requirements, internship.salary, internship.deadline, internship.international_score, internship.logo_url, internship.url, internship.posted_date 
FROM internship 
WHERE internship.url = ?
2026-01-27 20:31:57,106 - INFO - [cached since 0.03273s ago] ('https://fa-evmr-saasfaprod1.fa.ocs.oraclecloud.com/hcmUI/CandidateExperience/en/sites/CX_1/job/28665?utm_source=Simplify&ref=Simplify',)
2026-01-27 20:31:57,106 - INFO - SELECT internship.id, internship.company, internship.role, internship.location, internship.industry, internship.ai_label, internship.summary, internship.requirements, internship.salary, internship.deadline, internship.international_score, internship.logo_url, internship.url, internship.posted_date 
FROM internship 
WHERE internship.url = ?
2026-01-27 20:31:57,106 - INFO - [cached since 0.0329s ago] ('https://fa-evmr-saasfaprod1.fa.ocs.oraclecloud.com/hcmUI/CandidateExperience/en/sites/CX_1/job/28667?utm_source=Simplify&ref=Simplify',)
2026-01-27 20:31:57,106 - INFO - SELECT internship.id, internship.company, internship.role, internship.location, internship.industry, internship.ai_label, internship.summary, internship.requirements, internship.salary, internship.deadline, internship.international_score, internship.logo_url, internship.url, internship.posted_date 
FROM internship 
WHERE internship.url = ?
2026-01-27 20:31:57,106 - INFO - [cached since 0.03309s ago] ('https://autostore.wd3.myworkdayjobs.com/autostore/job/Denver-USA/Software-Engineering-Intern_JR102345?utm_source=Simplify&ref=Simplify',)
2026-01-27 20:31:57,106 - INFO - SELECT internship.id, internship.company, internship.role, internship.location, internship.industry, internship.ai_label, internship.summary, internship.requirements, internship.salary, internship.deadline, internship.international_score, internship.logo_url, internship.url, internship.posted_date 
FROM internship 
WHERE internship.url = ?
2026-01-27 20:31:57,106 - INFO - [cached since 0.03327s ago] ('https://fa-evmr-saasfaprod1.fa.ocs.oraclecloud.com/hcmUI/CandidateExperience/en/sites/CX_1/job/29678?utm_source=Simplify&ref=Simplify',)
2026-01-27 20:31:57,107 - INFO - SELECT internship.id, internship.company, internship.role, internship.location, internship.industry, internship.ai_label, internship.summary, internship.requirements, internship.salary, internship.deadline, internship.international_score, internship.logo_url, internship.url, internship.posted_date 
FROM internship 
WHERE internship.url = ?
2026-01-27 20:31:57,107 - INFO - [cached since 0.03345s ago] ('https://fa-evmr-saasfaprod1.fa.ocs.oraclecloud.com/hcmUI/CandidateExperience/en/sites/CX_1/job/29849?utm_source=Simplify&ref=Simplify',)
2026-01-27 20:31:57,107 - INFO - SELECT internship.id, internship.company, internship.role, internship.location, internship.industry, internship.ai_label, internship.summary, internship.requirements, internship.salary, internship.deadline, internship.international_score, internship.logo_url, internship.url, internship.posted_date 
FROM internship 
WHERE internship.url = ?
2026-01-27 20:31:57,107 - INFO - [cached since 0.03361s ago] ('https://fa-evmr-saasfaprod1.fa.ocs.oraclecloud.com/hcmUI/CandidateExperience/en/sites/CX_1/job/29680?utm_source=Simplify&ref=Simplify',)
2026-01-27 20:31:57,107 - INFO - SELECT internship.id, internship.company, internship.role, internship.location, internship.industry, internship.ai_label, internship.summary, internship.requirements, internship.salary, internship.deadline, internship.international_score, internship.logo_url, internship.url, internship.posted_date 
FROM internship 
WHERE internship.url = ?
2026-01-27 20:31:57,107 - INFO - [cached since 0.03378s ago] ('https://fa-evmr-saasfaprod1.fa.ocs.oraclecloud.com/hcmUI/CandidateExperience/en/sites/CX_1/job/29857?utm_source=Simplify&ref=Simplify',)
2026-01-27 20:31:57,107 - INFO - SELECT internship.id, internship.company, internship.role, internship.location, internship.industry, internship.ai_label, internship.summary, internship.requirements, internship.salary, internship.deadline, internship.international_score, internship.logo_url, internship.url, internship.posted_date 
FROM internship 
WHERE internship.url = ?
2026-01-27 20:31:57,107 - INFO - [cached since 0.03395s ago] ('https://fa-evmr-saasfaprod1.fa.ocs.oraclecloud.com/hcmUI/CandidateExperience/en/sites/CX_1/job/29484?utm_source=Simplify&ref=Simplify',)
2026-01-27 20:31:57,107 - INFO - SELECT internship.id, internship.company, internship.role, internship.location, internship.industry, internship.ai_label, internship.summary, internship.requirements, internship.salary, internship.deadline, internship.international_score, internship.logo_url, internship.url, internship.posted_date 
FROM internship 
WHERE internship.url = ?
2026-01-27 20:31:57,107 - INFO - [cached since 0.03412s ago] ('https://fa-evmr-saasfaprod1.fa.ocs.oraclecloud.com/hcmUI/CandidateExperience/en/sites/CX_1/job/29510?utm_source=Simplify&ref=Simplify',)
2026-01-27 20:31:57,107 - INFO - SELECT internship.id, internship.company, internship.role, internship.location, internship.industry, internship.ai_label, internship.summary, internship.requirements, internship.salary, internship.deadline, internship.international_score, internship.logo_url, internship.url, internship.posted_date 
FROM internship 
WHERE internship.url = ?
2026-01-27 20:31:57,107 - INFO - [cached since 0.03431s ago] ('https://fa-evmr-saasfaprod1.fa.ocs.oraclecloud.com/hcmUI/CandidateExperience/en/sites/CX_1/job/29545?utm_source=Simplify&ref=Simplify',)
2026-01-27 20:31:57,108 - INFO - SELECT internship.id, internship.company, internship.role, internship.location, internship.industry, internship.ai_label, internship.summary, internship.requirements, internship.salary, internship.deadline, internship.international_score, internship.logo_url, internship.url, internship.posted_date 
FROM internship 
WHERE internship.url = ?
2026-01-27 20:31:57,108 - INFO - [cached since 0.03448s ago] ('https://fa-evmr-saasfaprod1.fa.ocs.oraclecloud.com/hcmUI/CandidateExperience/en/sites/CX_1/job/29323?utm_source=Simplify&ref=Simplify',)
2026-01-27 20:31:57,108 - INFO - SELECT internship.id, internship.company, internship.role, internship.location, internship.industry, internship.ai_label, internship.summary, internship.requirements, internship.salary, internship.deadline, internship.international_score, internship.logo_url, internship.url, internship.posted_date 
FROM internship 
WHERE internship.url = ?
2026-01-27 20:31:57,108 - INFO - [cached since 0.03465s ago] ('https://careers-lmi.icims.com/jobs/13492/job?mobile=true&needsRedirect=false&utm_source=Simplify&ref=Simplify',)
2026-01-27 20:31:57,108 - INFO - SELECT internship.id, internship.company, internship.role, internship.location, internship.industry, internship.ai_label, internship.summary, internship.requirements, internship.salary, internship.deadline, internship.international_score, internship.logo_url, internship.url, internship.posted_date 
FROM internship 
WHERE internship.url = ?
2026-01-27 20:31:57,108 - INFO - [cached since 0.03483s ago] ('https://knitwellgroup.wd1.myworkdayjobs.com/US_Corporate_Jobs/job/Corporate-ascena--Remote/Commerce-Platform-Intern---Summer-2026_R-2019957?utm_source=Simplify&ref=Simplify',)
2026-01-27 20:31:57,108 - INFO - SELECT internship.id, internship.company, internship.role, internship.location, internship.industry, internship.ai_label, internship.summary, internship.requirements, internship.salary, internship.deadline, internship.international_score, internship.logo_url, internship.url, internship.posted_date 
FROM internship 
WHERE internship.url = ?
2026-01-27 20:31:57,108 - INFO - [cached since 0.03499s ago] ('https://plugpower.wd5.myworkdayjobs.com/Plug_Power_Inc/job/Albany-NY/Software-Engineer-Intern_R6747?utm_source=Simplify&ref=Simplify',)
2026-01-27 20:31:57,108 - INFO - SELECT internship.id, internship.company, internship.role, internship.location, internship.industry, internship.ai_label, internship.summary, internship.requirements, internship.salary, internship.deadline, internship.international_score, internship.logo_url, internship.url, internship.posted_date 
FROM internship 
WHERE internship.url = ?
2026-01-27 20:31:57,108 - INFO - [cached since 0.03516s ago] ('https://www.fastly.com/about/jobs/apply?gh_jid=7512114&utm_source=Simplify&ref=Simplify',)
2026-01-27 20:31:57,108 - INFO - SELECT internship.id, internship.company, internship.role, internship.location, internship.industry, internship.ai_label, internship.summary, internship.requirements, internship.salary, internship.deadline, internship.international_score, internship.logo_url, internship.url, internship.posted_date 
FROM internship 
WHERE internship.url = ?
2026-01-27 20:31:57,108 - INFO - [cached since 0.03534s ago] ('https://aaaie.wd1.myworkdayjobs.com/CSAACareers2/job/Glendale-Arizona/Software-Engineer-Intern---Data-Operations_R7489?utm_source=Simplify&ref=Simplify',)
2026-01-27 20:31:57,109 - INFO - SELECT internship.id, internship.company, internship.role, internship.location, internship.industry, internship.ai_label, internship.summary, internship.requirements, internship.salary, internship.deadline, internship.international_score, internship.logo_url, internship.url, internship.posted_date 
FROM internship 
WHERE internship.url = ?
2026-01-27 20:31:57,109 - INFO - [cached since 0.0355s ago] ('https://aaaie.wd1.myworkdayjobs.com/CSAACareers2/job/Arizona---Home-Teleworkers/Software-Engineer-Intern_R7508-1?utm_source=Simplify&ref=Simplify',)
2026-01-27 20:31:57,109 - INFO - SELECT internship.id, internship.company, internship.role, internship.location, internship.industry, internship.ai_label, internship.summary, internship.requirements, internship.salary, internship.deadline, internship.international_score, internship.logo_url, internship.url, internship.posted_date 
FROM internship 
WHERE internship.url = ?
2026-01-27 20:31:57,109 - INFO - [cached since 0.03567s ago] ('https://job-boards.greenhouse.io/wurljobs/jobs/4629515006?utm_source=Simplify&ref=Simplify',)
2026-01-27 20:31:57,109 - INFO - SELECT internship.id, internship.company, internship.role, internship.location, internship.industry, internship.ai_label, internship.summary, internship.requirements, internship.salary, internship.deadline, internship.international_score, internship.logo_url, internship.url, internship.posted_date 
FROM internship 
WHERE internship.url = ?
2026-01-27 20:31:57,109 - INFO - [cached since 0.03584s ago] ('https://fa-evmr-saasfaprod1.fa.ocs.oraclecloud.com/hcmUI/CandidateExperience/en/sites/CX_1/job/28976?utm_source=Simplify&ref=Simplify',)
2026-01-27 20:31:57,109 - INFO - SELECT internship.id, internship.company, internship.role, internship.location, internship.industry, internship.ai_label, internship.summary, internship.requirements, internship.salary, internship.deadline, internship.international_score, internship.logo_url, internship.url, internship.posted_date 
FROM internship 
WHERE internship.url = ?
2026-01-27 20:31:57,109 - INFO - [cached since 0.03602s ago] ('https://www.ithaka.org/job/4645220005?gh_jid=4645220005&utm_source=Simplify&ref=Simplify',)
2026-01-27 20:31:57,109 - INFO - SELECT internship.id, internship.company, internship.role, internship.location, internship.industry, internship.ai_label, internship.summary, internship.requirements, internship.salary, internship.deadline, internship.international_score, internship.logo_url, internship.url, internship.posted_date 
FROM internship 
WHERE internship.url = ?
2026-01-27 20:31:57,109 - INFO - [cached since 0.03619s ago] ('https://job-boards.greenhouse.io/drweng/jobs/7194245?utm_source=Simplify&ref=Simplify',)
2026-01-27 20:31:57,109 - INFO - SELECT internship.id, internship.company, internship.role, internship.location, internship.industry, internship.ai_label, internship.summary, internship.requirements, internship.salary, internship.deadline, internship.international_score, internship.logo_url, internship.url, internship.posted_date 
FROM internship 
WHERE internship.url = ?
2026-01-27 20:31:57,109 - INFO - [cached since 0.03636s ago] ('https://globalfoundries.wd1.myworkdayjobs.com/External/job/USA---Texas---Austin/Sales-Engineering-Intern--Summer-2026-_JR-2502795?utm_source=Simplify&ref=Simplify',)
2026-01-27 20:31:57,110 - INFO - SELECT internship.id, internship.company, internship.role, internship.location, internship.industry, internship.ai_label, internship.summary, internship.requirements, internship.salary, internship.deadline, internship.international_score, internship.logo_url, internship.url, internship.posted_date 
FROM internship 
WHERE internship.url = ?
2026-01-27 20:31:57,110 - INFO - [cached since 0.03654s ago] ('https://kla.wd1.myworkdayjobs.com/Search/job/Milpitas-CA/Application-Engineer-Intern_2532180-1?utm_source=Simplify&ref=Simplify',)
2026-01-27 20:31:57,110 - INFO - SELECT internship.id, internship.company, internship.role, internship.location, internship.industry, internship.ai_label, internship.summary, internship.requirements, internship.salary, internship.deadline, internship.international_score, internship.logo_url, internship.url, internship.posted_date 
FROM internship 
WHERE internship.url = ?
2026-01-27 20:31:57,110 - INFO - [cached since 0.03671s ago] ('https://jobs.lever.co/steerbridge/8e04075a-0565-404a-bd25-941a5458df53/apply?utm_source=Simplify&ref=Simplify',)
2026-01-27 20:31:57,110 - INFO - SELECT internship.id, internship.company, internship.role, internship.location, internship.industry, internship.ai_label, internship.summary, internship.requirements, internship.salary, internship.deadline, internship.international_score, internship.logo_url, internship.url, internship.posted_date 
FROM internship 
WHERE internship.url = ?
2026-01-27 20:31:57,110 - INFO - [cached since 0.0369s ago] ('https://statestreet.wd1.myworkdayjobs.com/Global/job/Quincy-Massachusetts/State-Street-Investment-Management---IT-Architecture-Database-Engineering---Summer-Internship-2026_R-782326?utm_source=Simplify&ref=Simplify',)
2026-01-27 20:31:57,110 - INFO - SELECT internship.id, internship.company, internship.role, internship.location, internship.industry, internship.ai_label, internship.summary, internship.requirements, internship.salary, internship.deadline, internship.international_score, internship.logo_url, internship.url, internship.posted_date 
FROM internship 
WHERE internship.url = ?
2026-01-27 20:31:57,110 - INFO - [cached since 0.03707s ago] ('https://www.asm.com/open-vacancies/?gh_jid=4742577101&utm_source=Simplify&ref=Simplify',)
2026-01-27 20:31:57,110 - INFO - SELECT internship.id, internship.company, internship.role, internship.location, internship.industry, internship.ai_label, internship.summary, internship.requirements, internship.salary, internship.deadline, internship.international_score, internship.logo_url, internship.url, internship.posted_date 
FROM internship 
WHERE internship.url = ?
2026-01-27 20:31:57,110 - INFO - [cached since 0.03724s ago] ('https://www.asm.com/open-vacancies/?gh_jid=4742602101&utm_source=Simplify&ref=Simplify',)
2026-01-27 20:31:57,111 - INFO - SELECT internship.id, internship.company, internship.role, internship.location, internship.industry, internship.ai_label, internship.summary, internship.requirements, internship.salary, internship.deadline, internship.international_score, internship.logo_url, internship.url, internship.posted_date 
FROM internship 
WHERE internship.url = ?
2026-01-27 20:31:57,111 - INFO - [cached since 0.03741s ago] ('http://stanfordhealthcare.wd5.myworkdayjobs.com/en-US/shc_external_career_site/job/500P-Hospital---JKLM-Patient---PALO-ALTO/Summer-2026-Internship---Technology---Digital-Solutions---Digital-Innovation---Software-Development-Internships--Graduate---Hybrid_R2552420?utm_source=Simplify&ref=Simplify',)
2026-01-27 20:31:57,111 - INFO - SELECT internship.id, internship.company, internship.role, internship.location, internship.industry, internship.ai_label, internship.summary, internship.requirements, internship.salary, internship.deadline, internship.international_score, internship.logo_url, internship.url, internship.posted_date 
FROM internship 
WHERE internship.url = ?
2026-01-27 20:31:57,111 - INFO - [cached since 0.03758s ago] ('https://job-boards.greenhouse.io/mcghealth/jobs/8350486002?utm_source=Simplify&ref=Simplify',)
2026-01-27 20:31:57,111 - INFO - SELECT internship.id, internship.company, internship.role, internship.location, internship.industry, internship.ai_label, internship.summary, internship.requirements, internship.salary, internship.deadline, internship.international_score, internship.logo_url, internship.url, internship.posted_date 
FROM internship 
WHERE internship.url = ?
2026-01-27 20:31:57,111 - INFO - [cached since 0.03774s ago] ('https://avav.wd1.myworkdayjobs.com/en-US/AVAV/job/20521-Seneca-Meadows-Pkwy-Germantown-MD/Software-Engineering-Intern---Hyper-RF-Division_6367?utm_source=Simplify&ref=Simplify',)
2026-01-27 20:31:57,111 - INFO - SELECT internship.id, internship.company, internship.role, internship.location, internship.industry, internship.ai_label, internship.summary, internship.requirements, internship.salary, internship.deadline, internship.international_score, internship.logo_url, internship.url, internship.posted_date 
FROM internship 
WHERE internship.url = ?
2026-01-27 20:31:57,111 - INFO - [cached since 0.03791s ago] ('https://velera.wd5.myworkdayjobs.com/VeleraCareers/job/Remote-USA/Intern---ServiceNow-Engineer--REMOTE-_8898?utm_source=Simplify&ref=Simplify',)
2026-01-27 20:31:57,111 - INFO - SELECT internship.id, internship.company, internship.role, internship.location, internship.industry, internship.ai_label, internship.summary, internship.requirements, internship.salary, internship.deadline, internship.international_score, internship.logo_url, internship.url, internship.posted_date 
FROM internship 
WHERE internship.url = ?
2026-01-27 20:31:57,111 - INFO - [cached since 0.03808s ago] ('https://careers.paramount.com/job/New-York-Software-Engineering-Internships-(Summer-2026,-In-Person-NYC)-NY-10036/1351981200/?ats=successfactors&utm_source=Simplify&ref=Simplify',)
2026-01-27 20:31:57,111 - INFO - SELECT internship.id, internship.company, internship.role, internship.location, internship.industry, internship.ai_label, internship.summary, internship.requirements, internship.salary, internship.deadline, internship.international_score, internship.logo_url, internship.url, internship.posted_date 
FROM internship 
WHERE internship.url = ?
2026-01-27 20:31:57,111 - INFO - [cached since 0.03824s ago] ('https://jobs.lever.co/zoox/0a53e7a7-bbbf-4834-bcd4-f0372e388dfa/apply?utm_source=Simplify&ref=Simplify',)
2026-01-27 20:31:57,112 - INFO - SELECT internship.id, internship.company, internship.role, internship.location, internship.industry, internship.ai_label, internship.summary, internship.requirements, internship.salary, internship.deadline, internship.international_score, internship.logo_url, internship.url, internship.posted_date 
FROM internship 
WHERE internship.url = ?
2026-01-27 20:31:57,112 - INFO - [cached since 0.03841s ago] ('https://fa-evmr-saasfaprod1.fa.ocs.oraclecloud.com/hcmUI/CandidateExperience/en/sites/CX_1/job/28908?utm_source=Simplify&ref=Simplify',)
2026-01-27 20:31:57,112 - INFO - SELECT internship.id, internship.company, internship.role, internship.location, internship.industry, internship.ai_label, internship.summary, internship.requirements, internship.salary, internship.deadline, internship.international_score, internship.logo_url, internship.url, internship.posted_date 
FROM internship 
WHERE internship.url = ?
2026-01-27 20:31:57,112 - INFO - [cached since 0.03859s ago] ('https://fa-evmr-saasfaprod1.fa.ocs.oraclecloud.com/hcmUI/CandidateExperience/en/sites/CX_1/job/28905?utm_source=Simplify&ref=Simplify',)
2026-01-27 20:31:57,112 - INFO - SELECT internship.id, internship.company, internship.role, internship.location, internship.industry, internship.ai_label, internship.summary, internship.requirements, internship.salary, internship.deadline, internship.international_score, internship.logo_url, internship.url, internship.posted_date 
FROM internship 
WHERE internship.url = ?
2026-01-27 20:31:57,112 - INFO - [cached since 0.03875s ago] ('https://fa-evmr-saasfaprod1.fa.ocs.oraclecloud.com/hcmUI/CandidateExperience/en/sites/CX_1/job/28904?utm_source=Simplify&ref=Simplify',)
2026-01-27 20:31:57,112 - INFO - SELECT internship.id, internship.company, internship.role, internship.location, internship.industry, internship.ai_label, internship.summary, internship.requirements, internship.salary, internship.deadline, internship.international_score, internship.logo_url, internship.url, internship.posted_date 
FROM internship 
WHERE internship.url = ?
2026-01-27 20:31:57,112 - INFO - [cached since 0.03892s ago] ('https://fhlbatl.wd1.myworkdayjobs.com/fhlbatl/job/Atlanta-Georgia/Software-Development-Workflow-Intern_JR269?utm_source=Simplify&ref=Simplify',)
2026-01-27 20:31:57,112 - INFO - SELECT internship.id, internship.company, internship.role, internship.location, internship.industry, internship.ai_label, internship.summary, internship.requirements, internship.salary, internship.deadline, internship.international_score, internship.logo_url, internship.url, internship.posted_date 
FROM internship 
WHERE internship.url = ?
2026-01-27 20:31:57,112 - INFO - [cached since 0.03909s ago] ('https://job-boards.greenhouse.io/nisc/jobs/7493815?utm_source=Simplify&ref=Simplify',)
2026-01-27 20:31:57,112 - INFO - SELECT internship.id, internship.company, internship.role, internship.location, internship.industry, internship.ai_label, internship.summary, internship.requirements, internship.salary, internship.deadline, internship.international_score, internship.logo_url, internship.url, internship.posted_date 
FROM internship 
WHERE internship.url = ?
2026-01-27 20:31:57,112 - INFO - [cached since 0.03927s ago] ('https://eeho.fa.us2.oraclecloud.com/hcmUI/CandidateExperience/en/sites/CX_45001/job/321081?utm_source=Simplify&ref=Simplify',)
2026-01-27 20:31:57,113 - INFO - SELECT internship.id, internship.company, internship.role, internship.location, internship.industry, internship.ai_label, internship.summary, internship.requirements, internship.salary, internship.deadline, internship.international_score, internship.logo_url, internship.url, internship.posted_date 
FROM internship 
WHERE internship.url = ?
2026-01-27 20:31:57,113 - INFO - [cached since 0.03944s ago] ('https://eeho.fa.us2.oraclecloud.com/hcmUI/CandidateExperience/en/sites/CX_45001/job/321121?utm_source=Simplify&ref=Simplify',)
2026-01-27 20:31:57,113 - INFO - SELECT internship.id, internship.company, internship.role, internship.location, internship.industry, internship.ai_label, internship.summary, internship.requirements, internship.salary, internship.deadline, internship.international_score, internship.logo_url, internship.url, internship.posted_date 
FROM internship 
WHERE internship.url = ?
2026-01-27 20:31:57,113 - INFO - [cached since 0.03961s ago] ('https://velera.wd5.myworkdayjobs.com/VeleraCareers/job/Remote-USA/Intern-Software-Engineer--Net----REMOTE_8887?utm_source=Simplify&ref=Simplify',)
2026-01-27 20:31:57,113 - INFO - SELECT internship.id, internship.company, internship.role, internship.location, internship.industry, internship.ai_label, internship.summary, internship.requirements, internship.salary, internship.deadline, internship.international_score, internship.logo_url, internship.url, internship.posted_date 
FROM internship 
WHERE internship.url = ?
2026-01-27 20:31:57,113 - INFO - [cached since 0.03978s ago] ('https://fa-evmr-saasfaprod1.fa.ocs.oraclecloud.com/hcmUI/CandidateExperience/en/sites/CX_1/job/28893?utm_source=Simplify&ref=Simplify',)
2026-01-27 20:31:57,113 - INFO - SELECT internship.id, internship.company, internship.role, internship.location, internship.industry, internship.ai_label, internship.summary, internship.requirements, internship.salary, internship.deadline, internship.international_score, internship.logo_url, internship.url, internship.posted_date 
FROM internship 
WHERE internship.url = ?
2026-01-27 20:31:57,113 - INFO - [cached since 0.03995s ago] ('https://job-boards.greenhouse.io/modernizingmedicineinc/jobs/8236500002?utm_source=Simplify&ref=Simplify',)
2026-01-27 20:31:57,113 - INFO - SELECT internship.id, internship.company, internship.role, internship.location, internship.industry, internship.ai_label, internship.summary, internship.requirements, internship.salary, internship.deadline, internship.international_score, internship.logo_url, internship.url, internship.posted_date 
FROM internship 
WHERE internship.url = ?
2026-01-27 20:31:57,113 - INFO - [cached since 0.04013s ago] ('https://careers-gdms.icims.com/jobs/69376/intern-software-and-test-engineer-for-space-and-embedded-crypto-solutions/job?utm_source=Simplify&ref=Simplify',)
2026-01-27 20:31:57,113 - INFO - SELECT internship.id, internship.company, internship.role, internship.location, internship.industry, internship.ai_label, internship.summary, internship.requirements, internship.salary, internship.deadline, internship.international_score, internship.logo_url, internship.url, internship.posted_date 
FROM internship 
WHERE internship.url = ?
2026-01-27 20:31:57,113 - INFO - [cached since 0.04029s ago] ('https://asml.wd3.myworkdayjobs.com/en-US/asmlext1/job/San-Jose-CA-USA/Internship---Software-Development-Engineer-in-Test_J-00328071?utm_source=Simplify&ref=Simplify',)
2026-01-27 20:31:57,114 - INFO - SELECT internship.id, internship.company, internship.role, internship.location, internship.industry, internship.ai_label, internship.summary, internship.requirements, internship.salary, internship.deadline, internship.international_score, internship.logo_url, internship.url, internship.posted_date 
FROM internship 
WHERE internship.url = ?
2026-01-27 20:31:57,114 - INFO - [cached since 0.04046s ago] ('https://velera.wd5.myworkdayjobs.com/VeleraCareers/job/Remote-USA/Intern---Net-Software-Engineer_8878?utm_source=Simplify&ref=Simplify',)
2026-01-27 20:31:57,114 - INFO - SELECT internship.id, internship.company, internship.role, internship.location, internship.industry, internship.ai_label, internship.summary, internship.requirements, internship.salary, internship.deadline, internship.international_score, internship.logo_url, internship.url, internship.posted_date 
FROM internship 
WHERE internship.url = ?
2026-01-27 20:31:57,114 - INFO - [cached since 0.04063s ago] ('https://zoetis.wd5.myworkdayjobs.com/zoetis/job/Parsippany/Robotic-Process-Automation--RPA--Developer-Intern_JR00019798-2?utm_source=Simplify&ref=Simplify',)
2026-01-27 20:31:57,114 - INFO - SELECT internship.id, internship.company, internship.role, internship.location, internship.industry, internship.ai_label, internship.summary, internship.requirements, internship.salary, internship.deadline, internship.international_score, internship.logo_url, internship.url, internship.posted_date 
FROM internship 
WHERE internship.url = ?
2026-01-27 20:31:57,114 - INFO - [cached since 0.0408s ago] ('https://jobs.ashbyhq.com/cobot/ea1b59f7-0852-4ab8-944c-e302e63541bc/application?utm_source=Simplify&ref=Simplify',)
2026-01-27 20:31:57,114 - INFO - SELECT internship.id, internship.company, internship.role, internship.location, internship.industry, internship.ai_label, internship.summary, internship.requirements, internship.salary, internship.deadline, internship.international_score, internship.logo_url, internship.url, internship.posted_date 
FROM internship 
WHERE internship.url = ?
2026-01-27 20:31:57,114 - INFO - [cached since 0.04099s ago] ('https://job-boards.greenhouse.io/internshiplist2000/jobs/4998151008?utm_source=Simplify&ref=Simplify',)
2026-01-27 20:31:57,114 - INFO - SELECT internship.id, internship.company, internship.role, internship.location, internship.industry, internship.ai_label, internship.summary, internship.requirements, internship.salary, internship.deadline, internship.international_score, internship.logo_url, internship.url, internship.posted_date 
FROM internship 
WHERE internship.url = ?
2026-01-27 20:31:57,114 - INFO - [cached since 0.04117s ago] ('https://job-boards.greenhouse.io/internshiplist2000/jobs/5012106008?utm_source=Simplify&ref=Simplify',)
2026-01-27 20:31:57,114 - INFO - SELECT internship.id, internship.company, internship.role, internship.location, internship.industry, internship.ai_label, internship.summary, internship.requirements, internship.salary, internship.deadline, internship.international_score, internship.logo_url, internship.url, internship.posted_date 
FROM internship 
WHERE internship.url = ?
2026-01-27 20:31:57,114 - INFO - [cached since 0.04135s ago] ('https://job-boards.greenhouse.io/xometry/jobs/5007634007?utm_source=Simplify&ref=Simplify',)
2026-01-27 20:31:57,115 - INFO - SELECT internship.id, internship.company, internship.role, internship.location, internship.industry, internship.ai_label, internship.summary, internship.requirements, internship.salary, internship.deadline, internship.international_score, internship.logo_url, internship.url, internship.posted_date 
FROM internship 
WHERE internship.url = ?
2026-01-27 20:31:57,115 - INFO - [cached since 0.04152s ago] ('https://job-boards.greenhouse.io/xometry/jobs/5007635007?utm_source=Simplify&ref=Simplify',)
2026-01-27 20:31:57,115 - INFO - SELECT internship.id, internship.company, internship.role, internship.location, internship.industry, internship.ai_label, internship.summary, internship.requirements, internship.salary, internship.deadline, internship.international_score, internship.logo_url, internship.url, internship.posted_date 
FROM internship 
WHERE internship.url = ?
2026-01-27 20:31:57,115 - INFO - [cached since 0.04169s ago] ('https://fa-evmr-saasfaprod1.fa.ocs.oraclecloud.com/hcmUI/CandidateExperience/en/sites/CX_1/job/28819?utm_source=Simplify&ref=Simplify',)
2026-01-27 20:31:57,115 - INFO - SELECT internship.id, internship.company, internship.role, internship.location, internship.industry, internship.ai_label, internship.summary, internship.requirements, internship.salary, internship.deadline, internship.international_score, internship.logo_url, internship.url, internship.posted_date 
FROM internship 
WHERE internship.url = ?
2026-01-27 20:31:57,115 - INFO - [cached since 0.04186s ago] ('https://fa-evmr-saasfaprod1.fa.ocs.oraclecloud.com/hcmUI/CandidateExperience/en/sites/CX_1/job/28888?utm_source=Simplify&ref=Simplify',)
2026-01-27 20:31:57,115 - INFO - SELECT internship.id, internship.company, internship.role, internship.location, internship.industry, internship.ai_label, internship.summary, internship.requirements, internship.salary, internship.deadline, internship.international_score, internship.logo_url, internship.url, internship.posted_date 
FROM internship 
WHERE internship.url = ?
2026-01-27 20:31:57,115 - INFO - [cached since 0.04203s ago] ('https://fa-evmr-saasfaprod1.fa.ocs.oraclecloud.com/hcmUI/CandidateExperience/en/sites/CX_1/job/28736?utm_source=Simplify&ref=Simplify',)
2026-01-27 20:31:57,115 - INFO - SELECT internship.id, internship.company, internship.role, internship.location, internship.industry, internship.ai_label, internship.summary, internship.requirements, internship.salary, internship.deadline, internship.international_score, internship.logo_url, internship.url, internship.posted_date 
FROM internship 
WHERE internship.url = ?
2026-01-27 20:31:57,115 - INFO - [cached since 0.04221s ago] ('https://jobs.ashbyhq.com/Talos-Trading/f2b1c5af-ed8d-4759-98f4-76f656d83a52/application?utm_source=Simplify&ref=Simplify',)
2026-01-27 20:31:57,115 - INFO - SELECT internship.id, internship.company, internship.role, internship.location, internship.industry, internship.ai_label, internship.summary, internship.requirements, internship.salary, internship.deadline, internship.international_score, internship.logo_url, internship.url, internship.posted_date 
FROM internship 
WHERE internship.url = ?
2026-01-27 20:31:57,116 - INFO - [cached since 0.04239s ago] ('https://nvidia.wd5.myworkdayjobs.com/NVIDIAExternalCareerSite/job/US-MO-St-Louis/Performance-Engineer-Intern--Gaming---Summer-2026_JR2009268?utm_source=Simplify&ref=Simplify',)
2026-01-27 20:31:57,116 - INFO - SELECT internship.id, internship.company, internship.role, internship.location, internship.industry, internship.ai_label, internship.summary, internship.requirements, internship.salary, internship.deadline, internship.international_score, internship.logo_url, internship.url, internship.posted_date 
FROM internship 
WHERE internship.url = ?
2026-01-27 20:31:57,116 - INFO - [cached since 0.04256s ago] ('https://asml.wd3.myworkdayjobs.com/asmlext1/job/San-Jose-CA-USA/Internship---Optical-Product-Engineering--_J-00327849?utm_source=Simplify&ref=Simplify',)
2026-01-27 20:31:57,116 - INFO - SELECT internship.id, internship.company, internship.role, internship.location, internship.industry, internship.ai_label, internship.summary, internship.requirements, internship.salary, internship.deadline, internship.international_score, internship.logo_url, internship.url, internship.posted_date 
FROM internship 
WHERE internship.url = ?
2026-01-27 20:31:57,116 - INFO - [cached since 0.04273s ago] ('https://jobs.ashbyhq.com/Sierra/8bb2509d-9215-4cb5-8cf1-2bf0dbade6d8/application?utm_source=Simplify&ref=Simplify',)
2026-01-27 20:31:57,116 - INFO - SELECT internship.id, internship.company, internship.role, internship.location, internship.industry, internship.ai_label, internship.summary, internship.requirements, internship.salary, internship.deadline, internship.international_score, internship.logo_url, internship.url, internship.posted_date 
FROM internship 
WHERE internship.url = ?
2026-01-27 20:31:57,116 - INFO - [cached since 0.0429s ago] ('https://jobs.bmwgroup.com/job/Woodruff-TX-S-12-Innovations-Software-Developer-Intern-(Summer)-Sout/1276052601/?ats=successfactors&utm_source=Simplify&ref=Simplify',)
2026-01-27 20:31:57,116 - INFO - SELECT internship.id, internship.company, internship.role, internship.location, internship.industry, internship.ai_label, internship.summary, internship.requirements, internship.salary, internship.deadline, internship.international_score, internship.logo_url, internship.url, internship.posted_date 
FROM internship 
WHERE internship.url = ?
2026-01-27 20:31:57,116 - INFO - [cached since 0.04306s ago] ('https://jobs.lever.co/questanalytics/65957790-a3b2-4000-882a-86a23a697ee1/apply?utm_source=Simplify&ref=Simplify',)
2026-01-27 20:31:57,116 - INFO - SELECT internship.id, internship.company, internship.role, internship.location, internship.industry, internship.ai_label, internship.summary, internship.requirements, internship.salary, internship.deadline, internship.international_score, internship.logo_url, internship.url, internship.posted_date 
FROM internship 
WHERE internship.url = ?
2026-01-27 20:31:57,116 - INFO - [cached since 0.04323s ago] ('https://cadence.wd1.myworkdayjobs.com/External_Careers/job/EDINBURGH-01/Intern-Software-Engineer--Summer-2026--Three-Month-Duration-_R52359?utm_source=Simplify&ref=Simplify',)
2026-01-27 20:31:57,117 - INFO - SELECT internship.id, internship.company, internship.role, internship.location, internship.industry, internship.ai_label, internship.summary, internship.requirements, internship.salary, internship.deadline, internship.international_score, internship.logo_url, internship.url, internship.posted_date 
FROM internship 
WHERE internship.url = ?
2026-01-27 20:31:57,117 - INFO - [cached since 0.0434s ago] ('https://fhlbatl.wd1.myworkdayjobs.com/fhlbatl/job/Atlanta-Georgia/Software-Development-Intern_JR268?utm_source=Simplify&ref=Simplify',)
2026-01-27 20:31:57,117 - INFO - SELECT internship.id, internship.company, internship.role, internship.location, internship.industry, internship.ai_label, internship.summary, internship.requirements, internship.salary, internship.deadline, internship.international_score, internship.logo_url, internship.url, internship.posted_date 
FROM internship 
WHERE internship.url = ?
2026-01-27 20:31:57,117 - INFO - [cached since 0.04357s ago] ('https://fox.wd1.myworkdayjobs.com/Domestic/job/USA---AZ---Tempe---2010-E-Centennial-Cir/Summer-and-Fall-2026-FOX-Technology-Internship-Program---Live-Sports-Virtual-Enhancement-Operator_R50030979?utm_source=Simplify&ref=Simplify',)
2026-01-27 20:31:57,117 - INFO - SELECT internship.id, internship.company, internship.role, internship.location, internship.industry, internship.ai_label, internship.summary, internship.requirements, internship.salary, internship.deadline, internship.international_score, internship.logo_url, internship.url, internship.posted_date 
FROM internship 
WHERE internship.url = ?
2026-01-27 20:31:57,117 - INFO - [cached since 0.04374s ago] ('https://fa-evmr-saasfaprod1.fa.ocs.oraclecloud.com/hcmUI/CandidateExperience/en/sites/CX_1/job/28470?utm_source=Simplify&ref=Simplify',)
2026-01-27 20:31:57,117 - INFO - SELECT internship.id, internship.company, internship.role, internship.location, internship.industry, internship.ai_label, internship.summary, internship.requirements, internship.salary, internship.deadline, internship.international_score, internship.logo_url, internship.url, internship.posted_date 
FROM internship 
WHERE internship.url = ?
2026-01-27 20:31:57,117 - INFO - [cached since 0.0439s ago] ('https://fa-evmr-saasfaprod1.fa.ocs.oraclecloud.com/hcmUI/CandidateExperience/en/sites/CX_1/job/28482?utm_source=Simplify&ref=Simplify',)
2026-01-27 20:31:57,117 - INFO - SELECT internship.id, internship.company, internship.role, internship.location, internship.industry, internship.ai_label, internship.summary, internship.requirements, internship.salary, internship.deadline, internship.international_score, internship.logo_url, internship.url, internship.posted_date 
FROM internship 
WHERE internship.url = ?
2026-01-27 20:31:57,117 - INFO - [cached since 0.04407s ago] ('https://fa-evmr-saasfaprod1.fa.ocs.oraclecloud.com/hcmUI/CandidateExperience/en/sites/CX_1/job/28669?utm_source=Simplify&ref=Simplify',)
2026-01-27 20:31:57,117 - INFO - SELECT internship.id, internship.company, internship.role, internship.location, internship.industry, internship.ai_label, internship.summary, internship.requirements, internship.salary, internship.deadline, internship.international_score, internship.logo_url, internship.url, internship.posted_date 
FROM internship 
WHERE internship.url = ?
2026-01-27 20:31:57,117 - INFO - [cached since 0.04424s ago] ('https://jobs.lever.co/SymmetrySystems/dbca271b-a99b-48ab-83f2-b596a037ad65/apply?utm_source=Simplify&ref=Simplify',)
2026-01-27 20:31:57,118 - INFO - SELECT internship.id, internship.company, internship.role, internship.location, internship.industry, internship.ai_label, internship.summary, internship.requirements, internship.salary, internship.deadline, internship.international_score, internship.logo_url, internship.url, internship.posted_date 
FROM internship 
WHERE internship.url = ?
2026-01-27 20:31:57,118 - INFO - [cached since 0.04441s ago] ('https://fa-evmr-saasfaprod1.fa.ocs.oraclecloud.com/hcmUI/CandidateExperience/en/sites/CX_1/job/28170?utm_source=Simplify&ref=Simplify',)
2026-01-27 20:31:57,118 - INFO - SELECT internship.id, internship.company, internship.role, internship.location, internship.industry, internship.ai_label, internship.summary, internship.requirements, internship.salary, internship.deadline, internship.international_score, internship.logo_url, internship.url, internship.posted_date 
FROM internship 
WHERE internship.url = ?
2026-01-27 20:31:57,118 - INFO - [cached since 0.04458s ago] ('https://velera.wd5.myworkdayjobs.com/veleracareers/job/Remote-USA/Intern---Data-Engineer--REMOTE-_8844?utm_source=Simplify&ref=Simplify',)
2026-01-27 20:31:57,118 - INFO - SELECT internship.id, internship.company, internship.role, internship.location, internship.industry, internship.ai_label, internship.summary, internship.requirements, internship.salary, internship.deadline, internship.international_score, internship.logo_url, internship.url, internship.posted_date 
FROM internship 
WHERE internship.url = ?
2026-01-27 20:31:57,118 - INFO - [cached since 0.04474s ago] ('https://aveva.wd3.myworkdayjobs.com/en-US/AVEVA_careers/job/DerryLondonDerry-United-Kingdom/Software-Developer-Intern---Derry_R011681?utm_source=Simplify&ref=Simplify',)
2026-01-27 20:31:57,118 - INFO - SELECT internship.id, internship.company, internship.role, internship.location, internship.industry, internship.ai_label, internship.summary, internship.requirements, internship.salary, internship.deadline, internship.international_score, internship.logo_url, internship.url, internship.posted_date 
FROM internship 
WHERE internship.url = ?
2026-01-27 20:31:57,118 - INFO - [cached since 0.04491s ago] ('https://jobs.baesystems.com/global/en/job/BAE1US119401BREXTERNAL/Summer-Software-Intern?utm_source=Simplify&ref=Simplify',)
2026-01-27 20:31:57,118 - INFO - SELECT internship.id, internship.company, internship.role, internship.location, internship.industry, internship.ai_label, internship.summary, internship.requirements, internship.salary, internship.deadline, internship.international_score, internship.logo_url, internship.url, internship.posted_date 
FROM internship 
WHERE internship.url = ?
2026-01-27 20:31:57,118 - INFO - [cached since 0.04508s ago] ('https://asml.wd3.myworkdayjobs.com/asmlext1/job/San-Jose-CA-USA/Internship---Software-Quality-Assurance_J-00327394?utm_source=Simplify&ref=Simplify',)
2026-01-27 20:31:57,118 - INFO - SELECT internship.id, internship.company, internship.role, internship.location, internship.industry, internship.ai_label, internship.summary, internship.requirements, internship.salary, internship.deadline, internship.international_score, internship.logo_url, internship.url, internship.posted_date 
FROM internship 
WHERE internship.url = ?
2026-01-27 20:31:57,118 - INFO - [cached since 0.04525s ago] ('https://aveva.wd3.myworkdayjobs.com/en-US/AVEVA_careers/job/Cambridge-United-Kingdom/Software-Developer-Intern_R011684?utm_source=Simplify&ref=Simplify',)
2026-01-27 20:31:57,119 - INFO - SELECT internship.id, internship.company, internship.role, internship.location, internship.industry, internship.ai_label, internship.summary, internship.requirements, internship.salary, internship.deadline, internship.international_score, internship.logo_url, internship.url, internship.posted_date 
FROM internship 
WHERE internship.url = ?
2026-01-27 20:31:57,119 - INFO - [cached since 0.04543s ago] ('https://ripple.com/careers/all-jobs/job/7469876?gh_jid=7469876&utm_source=Simplify&ref=Simplify',)
2026-01-27 20:31:57,119 - INFO - SELECT internship.id, internship.company, internship.role, internship.location, internship.industry, internship.ai_label, internship.summary, internship.requirements, internship.salary, internship.deadline, internship.international_score, internship.logo_url, internship.url, internship.posted_date 
FROM internship 
WHERE internship.url = ?
2026-01-27 20:31:57,119 - INFO - [cached since 0.0456s ago] ('https://ripple.com/careers/all-jobs/job/7467186?gh_jid=7467186&utm_source=Simplify&ref=Simplify',)
2026-01-27 20:31:57,119 - INFO - SELECT internship.id, internship.company, internship.role, internship.location, internship.industry, internship.ai_label, internship.summary, internship.requirements, internship.salary, internship.deadline, internship.international_score, internship.logo_url, internship.url, internship.posted_date 
FROM internship 
WHERE internship.url = ?
2026-01-27 20:31:57,119 - INFO - [cached since 0.04577s ago] ('https://boards.greenhouse.io/embed/job_app?token=7449835&utm_source=Simplify&ref=Simplify',)
2026-01-27 20:31:57,119 - INFO - SELECT internship.id, internship.company, internship.role, internship.location, internship.industry, internship.ai_label, internship.summary, internship.requirements, internship.salary, internship.deadline, internship.international_score, internship.logo_url, internship.url, internship.posted_date 
FROM internship 
WHERE internship.url = ?
2026-01-27 20:31:57,119 - INFO - [cached since 0.04594s ago] ('https://www.flyzipline.com/careers/open-roles?gh_jid=7561786003&utm_source=Simplify&ref=Simplify',)
2026-01-27 20:31:57,119 - INFO - SELECT internship.id, internship.company, internship.role, internship.location, internship.industry, internship.ai_label, internship.summary, internship.requirements, internship.salary, internship.deadline, internship.international_score, internship.logo_url, internship.url, internship.posted_date 
FROM internship 
WHERE internship.url = ?
2026-01-27 20:31:57,119 - INFO - [cached since 0.04611s ago] ('https://www.flyzipline.com/careers/open-roles?gh_jid=7561784003&utm_source=Simplify&ref=Simplify',)
2026-01-27 20:31:57,119 - INFO - SELECT internship.id, internship.company, internship.role, internship.location, internship.industry, internship.ai_label, internship.summary, internship.requirements, internship.salary, internship.deadline, internship.international_score, internship.logo_url, internship.url, internship.posted_date 
FROM internship 
WHERE internship.url = ?
2026-01-27 20:31:57,119 - INFO - [cached since 0.04628s ago] ('https://generalmotors.wd5.myworkdayjobs.com/Careers_GM/job/Sunnyvale-California-United-States-of-America/XMLNAME-2026-Summer-Intern---AI-ML-Software-Engineer--Master-s-_JR-202524088?utm_source=Simplify&ref=Simplify',)
2026-01-27 20:31:57,120 - INFO - SELECT internship.id, internship.company, internship.role, internship.location, internship.industry, internship.ai_label, internship.summary, internship.requirements, internship.salary, internship.deadline, internship.international_score, internship.logo_url, internship.url, internship.posted_date 
FROM internship 
WHERE internship.url = ?
2026-01-27 20:31:57,120 - INFO - [cached since 0.04647s ago] ('https://generalmotors.wd5.myworkdayjobs.com/Careers_GM/job/Sunnyvale-California-United-States-of-America/XMLNAME-2026-Summer-Intern---Software-Engineer---Autonomous-Driving---Simulation-Team--Bachelor-s-_JR-202524246?utm_source=Simplify&ref=Simplify',)
2026-01-27 20:31:57,120 - INFO - SELECT internship.id, internship.company, internship.role, internship.location, internship.industry, internship.ai_label, internship.summary, internship.requirements, internship.salary, internship.deadline, internship.international_score, internship.logo_url, internship.url, internship.posted_date 
FROM internship 
WHERE internship.url = ?
2026-01-27 20:31:57,120 - INFO - [cached since 0.04664s ago] ('https://generalmotors.wd5.myworkdayjobs.com/Careers_GM/job/Sunnyvale-California-United-States-of-America/XMLNAME-2026-Summer-Intern---AI-ML-Software-Engineer--PhD-_JR-202524086?utm_source=Simplify&ref=Simplify',)
2026-01-27 20:31:57,120 - INFO - SELECT internship.id, internship.company, internship.role, internship.location, internship.industry, internship.ai_label, internship.summary, internship.requirements, internship.salary, internship.deadline, internship.international_score, internship.logo_url, internship.url, internship.posted_date 
FROM internship 
WHERE internship.url = ?
2026-01-27 20:31:57,120 - INFO - [cached since 0.04682s ago] ('https://generalmotors.wd5.myworkdayjobs.com/Careers_GM/job/Sunnyvale-California-United-States-of-America/XMLNAME-2026-Summer-Intern---Software-Engineer---Autonomous-Driving---Simulation-Team--Master-s-_JR-202524245?utm_source=Simplify&ref=Simplify',)
2026-01-27 20:31:57,120 - INFO - SELECT internship.id, internship.company, internship.role, internship.location, internship.industry, internship.ai_label, internship.summary, internship.requirements, internship.salary, internship.deadline, internship.international_score, internship.logo_url, internship.url, internship.posted_date 
FROM internship 
WHERE internship.url = ?
2026-01-27 20:31:57,120 - INFO - [cached since 0.047s ago] ('https://generalmotors.wd5.myworkdayjobs.com/Careers_GM/job/Mountain-View-Technical-Center---Mountain-View-Technical-Center/XMLNAME-2026-Summer-Intern---Backend-Software-Engineer--Fleet-Tooling--Master-s-Degree-_JR-202524257?utm_source=Simplify&ref=Simplify',)
2026-01-27 20:31:57,120 - INFO - SELECT internship.id, internship.company, internship.role, internship.location, internship.industry, internship.ai_label, internship.summary, internship.requirements, internship.salary, internship.deadline, internship.international_score, internship.logo_url, internship.url, internship.posted_date 
FROM internship 
WHERE internship.url = ?
2026-01-27 20:31:57,120 - INFO - [cached since 0.04717s ago] ('https://generalmotors.wd5.myworkdayjobs.com/Careers_GM/job/Sunnyvale-California-United-States-of-America/XMLNAME-2026-Summer-Intern---Backend-Software-Engineer--Fleet-Tooling--Bachelor-s-Degree-_JR-202524256?utm_source=Simplify&ref=Simplify',)
2026-01-27 20:31:57,120 - INFO - SELECT internship.id, internship.company, internship.role, internship.location, internship.industry, internship.ai_label, internship.summary, internship.requirements, internship.salary, internship.deadline, internship.international_score, internship.logo_url, internship.url, internship.posted_date 
FROM internship 
WHERE internship.url = ?
2026-01-27 20:31:57,120 - INFO - [cached since 0.04734s ago] ('https://careers.rivian.com/jobs/28275?lang=en-us&icims=1&utm_source=Simplify&ref=Simplify',)
2026-01-27 20:31:57,121 - INFO - SELECT internship.id, internship.company, internship.role, internship.location, internship.industry, internship.ai_label, internship.summary, internship.requirements, internship.salary, internship.deadline, internship.international_score, internship.logo_url, internship.url, internship.posted_date 
FROM internship 
WHERE internship.url = ?
2026-01-27 20:31:57,121 - INFO - [cached since 0.04752s ago] ('https://careers.rivian.com/jobs/28274?lang=en-us&icims=1&utm_source=Simplify&ref=Simplify',)
2026-01-27 20:31:57,121 - INFO - SELECT internship.id, internship.company, internship.role, internship.location, internship.industry, internship.ai_label, internship.summary, internship.requirements, internship.salary, internship.deadline, internship.international_score, internship.logo_url, internship.url, internship.posted_date 
FROM internship 
WHERE internship.url = ?
2026-01-27 20:31:57,121 - INFO - [cached since 0.04769s ago] ('https://fa-evmr-saasfaprod1.fa.ocs.oraclecloud.com/hcmUI/CandidateExperience/en/sites/CX_1/job/28724?utm_source=Simplify&ref=Simplify',)
2026-01-27 20:31:57,121 - INFO - SELECT internship.id, internship.company, internship.role, internship.location, internship.industry, internship.ai_label, internship.summary, internship.requirements, internship.salary, internship.deadline, internship.international_score, internship.logo_url, internship.url, internship.posted_date 
FROM internship 
WHERE internship.url = ?
2026-01-27 20:31:57,121 - INFO - [cached since 0.04787s ago] ('https://jobs.smartrecruiters.com/Intuitive/744000098687568?utm_source=Simplify&ref=Simplify',)
2026-01-27 20:31:57,121 - INFO - SELECT internship.id, internship.company, internship.role, internship.location, internship.industry, internship.ai_label, internship.summary, internship.requirements, internship.salary, internship.deadline, internship.international_score, internship.logo_url, internship.url, internship.posted_date 
FROM internship 
WHERE internship.url = ?
2026-01-27 20:31:57,121 - INFO - [cached since 0.04804s ago] ('https://fa-evmr-saasfaprod1.fa.ocs.oraclecloud.com/hcmUI/CandidateExperience/en/sites/CX_1/job/28479?utm_source=Simplify&ref=Simplify',)
2026-01-27 20:31:57,121 - INFO - SELECT internship.id, internship.company, internship.role, internship.location, internship.industry, internship.ai_label, internship.summary, internship.requirements, internship.salary, internship.deadline, internship.international_score, internship.logo_url, internship.url, internship.posted_date 
FROM internship 
WHERE internship.url = ?
2026-01-27 20:31:57,121 - INFO - [cached since 0.04821s ago] ('https://jobs.bmwgroup.com/job/Greenville-Software-Development-Co-Op-(Summer-2026)-Sout/1274951401/?ats=successfactors&utm_source=Simplify&ref=Simplify',)
2026-01-27 20:31:57,121 - INFO - SELECT internship.id, internship.company, internship.role, internship.location, internship.industry, internship.ai_label, internship.summary, internship.requirements, internship.salary, internship.deadline, internship.international_score, internship.logo_url, internship.url, internship.posted_date 
FROM internship 
WHERE internship.url = ?
2026-01-27 20:31:57,122 - INFO - [cached since 0.04838s ago] ('https://racetrac.wd5.myworkdayjobs.com/ssc/job/200-Galleria-Parkway-SE-Suite-900-Atlanta-GA-30339/Digital-Integrations-Intern--Summer-2026-_R10003280?utm_source=Simplify&ref=Simplify',)
2026-01-27 20:31:57,122 - INFO - SELECT internship.id, internship.company, internship.role, internship.location, internship.industry, internship.ai_label, internship.summary, internship.requirements, internship.salary, internship.deadline, internship.international_score, internship.logo_url, internship.url, internship.posted_date 
FROM internship 
WHERE internship.url = ?
2026-01-27 20:31:57,122 - INFO - [cached since 0.04854s ago] ('https://intapp.wd1.myworkdayjobs.com/Intapp/job/Palo-Alto-CA/IT-Business-Applications-Intern_R2024549-1?utm_source=Simplify&ref=Simplify',)
2026-01-27 20:31:57,122 - INFO - SELECT internship.id, internship.company, internship.role, internship.location, internship.industry, internship.ai_label, internship.summary, internship.requirements, internship.salary, internship.deadline, internship.international_score, internship.logo_url, internship.url, internship.posted_date 
FROM internship 
WHERE internship.url = ?
2026-01-27 20:31:57,122 - INFO - [cached since 0.04872s ago] ('https://fa-exvu-saasfaprod1.fa.ocs.oraclecloud.com/hcmUI/CandidateExperience/en/sites/CX_1/job/1445?utm_source=Simplify&ref=Simplify',)
2026-01-27 20:31:57,122 - INFO - SELECT internship.id, internship.company, internship.role, internship.location, internship.industry, internship.ai_label, internship.summary, internship.requirements, internship.salary, internship.deadline, internship.international_score, internship.logo_url, internship.url, internship.posted_date 
FROM internship 
WHERE internship.url = ?
2026-01-27 20:31:57,122 - INFO - [cached since 0.04891s ago] ('https://motorolasolutions.wd5.myworkdayjobs.com/Careers/job/Chicago-IL/Java-Software-Engineer---2026-Summer-Internship--Chicago-Hybrid-_R60209?utm_source=Simplify&ref=Simplify',)
2026-01-27 20:31:57,122 - INFO - SELECT internship.id, internship.company, internship.role, internship.location, internship.industry, internship.ai_label, internship.summary, internship.requirements, internship.salary, internship.deadline, internship.international_score, internship.logo_url, internship.url, internship.posted_date 
FROM internship 
WHERE internship.url = ?
2026-01-27 20:31:57,122 - INFO - [cached since 0.04909s ago] ('https://explore.jobs.netflix.net/careers/job/790313241540?utm_source=Simplify&ref=Simplify',)
2026-01-27 20:31:57,122 - INFO - SELECT internship.id, internship.company, internship.role, internship.location, internship.industry, internship.ai_label, internship.summary, internship.requirements, internship.salary, internship.deadline, internship.international_score, internship.logo_url, internship.url, internship.posted_date 
FROM internship 
WHERE internship.url = ?
2026-01-27 20:31:57,122 - INFO - [cached since 0.04927s ago] ('https://jobs.ea.com/en_US/careers/JobDetail/Software-Engineer-Intern/210854?utm_source=Simplify&ref=Simplify',)
2026-01-27 20:31:57,123 - INFO - SELECT internship.id, internship.company, internship.role, internship.location, internship.industry, internship.ai_label, internship.summary, internship.requirements, internship.salary, internship.deadline, internship.international_score, internship.logo_url, internship.url, internship.posted_date 
FROM internship 
WHERE internship.url = ?
2026-01-27 20:31:57,123 - INFO - [cached since 0.04944s ago] ('https://careers.westinghousenuclear.com/job/Shoreview-Software-Engineering-Intern-Summer-2026-MN-55126/1348239000/?ats=successfactors&utm_source=Simplify&ref=Simplify',)
2026-01-27 20:31:57,123 - INFO - SELECT internship.id, internship.company, internship.role, internship.location, internship.industry, internship.ai_label, internship.summary, internship.requirements, internship.salary, internship.deadline, internship.international_score, internship.logo_url, internship.url, internship.posted_date 
FROM internship 
WHERE internship.url = ?
2026-01-27 20:31:57,123 - INFO - [cached since 0.04962s ago] ('https://careers.westinghousenuclear.com/job/Warrendale-Independent-Verification-&-Validation-Intern-Summer-2026-OR/1321306900/?ats=successfactors&utm_source=Simplify&ref=Simplify',)
2026-01-27 20:31:57,123 - INFO - SELECT internship.id, internship.company, internship.role, internship.location, internship.industry, internship.ai_label, internship.summary, internship.requirements, internship.salary, internship.deadline, internship.international_score, internship.logo_url, internship.url, internship.posted_date 
FROM internship 
WHERE internship.url = ?
2026-01-27 20:31:57,123 - INFO - [cached since 0.04979s ago] ('https://careers.westinghousenuclear.com/job/Cranberry-Township-Software-and-Automation-Intern-Summer-2026-NC/1336532600/?ats=successfactors&utm_source=Simplify&ref=Simplify',)
2026-01-27 20:31:57,123 - INFO - SELECT internship.id, internship.company, internship.role, internship.location, internship.industry, internship.ai_label, internship.summary, internship.requirements, internship.salary, internship.deadline, internship.international_score, internship.logo_url, internship.url, internship.posted_date 
FROM internship 
WHERE internship.url = ?
2026-01-27 20:31:57,123 - INFO - [cached since 0.04997s ago] ('https://careers.westinghousenuclear.com/job/Cranberry-Township-Enovia-PLM-Developer-Intern-Summer-2026-NC/1338026700/?ats=successfactors&utm_source=Simplify&ref=Simplify',)
2026-01-27 20:31:57,124 - INFO - SELECT internship.id, internship.company, internship.role, internship.location, internship.industry, internship.ai_label, internship.summary, internship.requirements, internship.salary, internship.deadline, internship.international_score, internship.logo_url, internship.url, internship.posted_date 
FROM internship 
WHERE internship.url = ?
2026-01-27 20:31:57,124 - INFO - [cached since 0.05057s ago] ('https://careers.westinghousenuclear.com/job/Cranberry-Township-Collaboration-Automation-Intern-Summer-2026-NC/1338434100/?ats=successfactors&utm_source=Simplify&ref=Simplify',)
2026-01-27 20:31:57,124 - INFO - SELECT internship.id, internship.company, internship.role, internship.location, internship.industry, internship.ai_label, internship.summary, internship.requirements, internship.salary, internship.deadline, internship.international_score, internship.logo_url, internship.url, internship.posted_date 
FROM internship 
WHERE internship.url = ?
2026-01-27 20:31:57,124 - INFO - [cached since 0.05083s ago] ('https://careers.westinghousenuclear.com/job/Shoreview-Software-Engineering-Intern-Summer-2026-MN-55126/1348239000/?utm_source=Simplify&ref=Simplify',)
2026-01-27 20:31:57,124 - INFO - SELECT internship.id, internship.company, internship.role, internship.location, internship.industry, internship.ai_label, internship.summary, internship.requirements, internship.salary, internship.deadline, internship.international_score, internship.logo_url, internship.url, internship.posted_date 
FROM internship 
WHERE internship.url = ?
2026-01-27 20:31:57,124 - INFO - [cached since 0.05101s ago] ('https://apply.careers.microsoft.com/careers/job/1970393556621732?utm_source=Simplify&ref=Simplify',)
2026-01-27 20:31:57,124 - INFO - SELECT internship.id, internship.company, internship.role, internship.location, internship.industry, internship.ai_label, internship.summary, internship.requirements, internship.salary, internship.deadline, internship.international_score, internship.logo_url, internship.url, internship.posted_date 
FROM internship 
WHERE internship.url = ?
2026-01-27 20:31:57,124 - INFO - [cached since 0.05119s ago] ('https://apply.careers.microsoft.com/careers/job/1970393556622023?utm_source=Simplify&ref=Simplify',)
2026-01-27 20:31:57,124 - INFO - SELECT internship.id, internship.company, internship.role, internship.location, internship.industry, internship.ai_label, internship.summary, internship.requirements, internship.salary, internship.deadline, internship.international_score, internship.logo_url, internship.url, internship.posted_date 
FROM internship 
WHERE internship.url = ?
2026-01-27 20:31:57,124 - INFO - [cached since 0.05136s ago] ('https://amazon.jobs/en/jobs/3116030/software-development-engineer-internship-summer-2026-us?utm_source=Simplify&ref=Simplify',)
2026-01-27 20:31:57,125 - INFO - SELECT internship.id, internship.company, internship.role, internship.location, internship.industry, internship.ai_label, internship.summary, internship.requirements, internship.salary, internship.deadline, internship.international_score, internship.logo_url, internship.url, internship.posted_date 
FROM internship 
WHERE internship.url = ?
2026-01-27 20:31:57,125 - INFO - [cached since 0.05155s ago] ('https://amazon.jobs/en/jobs/3116034/software-development-engineer-internship-summer-2026-canada?utm_source=Simplify&ref=Simplify',)
2026-01-27 20:31:57,125 - INFO - SELECT internship.id, internship.company, internship.role, internship.location, internship.industry, internship.ai_label, internship.summary, internship.requirements, internship.salary, internship.deadline, internship.international_score, internship.logo_url, internship.url, internship.posted_date 
FROM internship 
WHERE internship.url = ?
2026-01-27 20:31:57,125 - INFO - [cached since 0.05172s ago] ('https://jobs.ashbyhq.com/etched/605c286d-be56-4e83-83b8-436d29ce17df?utm_source=Simplify&ref=Simplify',)
2026-01-27 20:31:57,125 - INFO - SELECT internship.id, internship.company, internship.role, internship.location, internship.industry, internship.ai_label, internship.summary, internship.requirements, internship.salary, internship.deadline, internship.international_score, internship.logo_url, internship.url, internship.posted_date 
FROM internship 
WHERE internship.url = ?
2026-01-27 20:31:57,125 - INFO - [cached since 0.0519s ago] ('https://mmc.wd1.myworkdayjobs.com/mmc/job/Atlanta---Hartsfield/Oliver-Wyman--Vector--Software-Development-Intern_R_333148?utm_source=Simplify&ref=Simplify',)
2026-01-27 20:31:57,125 - INFO - SELECT internship.id, internship.company, internship.role, internship.location, internship.industry, internship.ai_label, internship.summary, internship.requirements, internship.salary, internship.deadline, internship.international_score, internship.logo_url, internship.url, internship.posted_date 
FROM internship 
WHERE internship.url = ?
2026-01-27 20:31:57,125 - INFO - [cached since 0.05208s ago] ('https://plexus.wd5.myworkdayjobs.com/en-US/Plexus_Careers/job/Neenah-WI/Intern---Product-Engineer--Summer-2026-_R033663-1?utm_source=Simplify&ref=Simplify',)
2026-01-27 20:31:57,125 - INFO - SELECT internship.id, internship.company, internship.role, internship.location, internship.industry, internship.ai_label, internship.summary, internship.requirements, internship.salary, internship.deadline, internship.international_score, internship.logo_url, internship.url, internship.posted_date 
FROM internship 
WHERE internship.url = ?
2026-01-27 20:31:57,125 - INFO - [cached since 0.05225s ago] ('https://marmon.wd501.myworkdayjobs.com/Marmon_Careers/job/Ferdinand-IN/Engineering-Intern---Summer-2026_JR0000037706-5?utm_source=Simplify&ref=Simplify',)
2026-01-27 20:31:57,126 - INFO - SELECT internship.id, internship.company, internship.role, internship.location, internship.industry, internship.ai_label, internship.summary, internship.requirements, internship.salary, internship.deadline, internship.international_score, internship.logo_url, internship.url, internship.posted_date 
FROM internship 
WHERE internship.url = ?
2026-01-27 20:31:57,126 - INFO - [cached since 0.05242s ago] ('https://marmon.wd501.myworkdayjobs.com/Marmon_Careers/job/Cullman-AL/Engineering-Intern---Summer-2026_JR0000037704-4?utm_source=Simplify&ref=Simplify',)
2026-01-27 20:31:57,126 - INFO - SELECT internship.id, internship.company, internship.role, internship.location, internship.industry, internship.ai_label, internship.summary, internship.requirements, internship.salary, internship.deadline, internship.international_score, internship.logo_url, internship.url, internship.posted_date 
FROM internship 
WHERE internship.url = ?
2026-01-27 20:31:57,126 - INFO - [cached since 0.05259s ago] ('https://simonsfoundation.wd1.myworkdayjobs.com/en-US/simonsfoundationcareers/job/162-Fifth-Avenue-New-York-NY/Scientific-Visual-Exploration-Software-Intern_R0001996?utm_source=Simplify&ref=Simplify',)
2026-01-27 20:31:57,126 - INFO - SELECT internship.id, internship.company, internship.role, internship.location, internship.industry, internship.ai_label, internship.summary, internship.requirements, internship.salary, internship.deadline, internship.international_score, internship.logo_url, internship.url, internship.posted_date 
FROM internship 
WHERE internship.url = ?
2026-01-27 20:31:57,126 - INFO - [cached since 0.05276s ago] ('https://www.calicolabs.com/careers/?gh_jid=8326850002&utm_source=Simplify&ref=Simplify',)
2026-01-27 20:31:57,126 - INFO - SELECT internship.id, internship.company, internship.role, internship.location, internship.industry, internship.ai_label, internship.summary, internship.requirements, internship.salary, internship.deadline, internship.international_score, internship.logo_url, internship.url, internship.posted_date 
FROM internship 
WHERE internship.url = ?
2026-01-27 20:31:57,126 - INFO - [cached since 0.05294s ago] ('https://dexcom.wd1.myworkdayjobs.com/Dexcom/job/Remote---United-States/Intern-I---Software-Engineering_JR115298?utm_source=Simplify&ref=Simplify',)
2026-01-27 20:31:57,126 - INFO - SELECT internship.id, internship.company, internship.role, internship.location, internship.industry, internship.ai_label, internship.summary, internship.requirements, internship.salary, internship.deadline, internship.international_score, internship.logo_url, internship.url, internship.posted_date 
FROM internship 
WHERE internship.url = ?
2026-01-27 20:31:57,126 - INFO - [cached since 0.05311s ago] ('https://dexcom.wd1.myworkdayjobs.com/Dexcom/job/Remote---United-States/Intern-I---Software-Engineer_JR115313?utm_source=Simplify&ref=Simplify',)
2026-01-27 20:31:57,126 - INFO - SELECT internship.id, internship.company, internship.role, internship.location, internship.industry, internship.ai_label, internship.summary, internship.requirements, internship.salary, internship.deadline, internship.international_score, internship.logo_url, internship.url, internship.posted_date 
FROM internship 
WHERE internship.url = ?
2026-01-27 20:31:57,126 - INFO - [cached since 0.05329s ago] ('https://simonsfoundation.wd1.myworkdayjobs.com/en-US/simonsfoundationcareers/job/162-Fifth-Avenue-New-York-NY/Software-Engineer-Intern_R0001994?utm_source=Simplify&ref=Simplify',)
2026-01-27 20:31:57,127 - INFO - SELECT internship.id, internship.company, internship.role, internship.location, internship.industry, internship.ai_label, internship.summary, internship.requirements, internship.salary, internship.deadline, internship.international_score, internship.logo_url, internship.url, internship.posted_date 
FROM internship 
WHERE internship.url = ?
2026-01-27 20:31:57,127 - INFO - [cached since 0.05346s ago] ('https://jobs.ea.com/en_US/careers/JobDetail/Security-Software-Engineer-Intern/210837?utm_source=Simplify&ref=Simplify',)
2026-01-27 20:31:57,127 - INFO - SELECT internship.id, internship.company, internship.role, internship.location, internship.industry, internship.ai_label, internship.summary, internship.requirements, internship.salary, internship.deadline, internship.international_score, internship.logo_url, internship.url, internship.posted_date 
FROM internship 
WHERE internship.url = ?
2026-01-27 20:31:57,127 - INFO - [cached since 0.05363s ago] ('https://careers-gdms.icims.com/jobs/69559/job?mobile=true&needsRedirect=false&utm_source=Simplify&ref=Simplify',)
2026-01-27 20:31:57,127 - INFO - SELECT internship.id, internship.company, internship.role, internship.location, internship.industry, internship.ai_label, internship.summary, internship.requirements, internship.salary, internship.deadline, internship.international_score, internship.logo_url, internship.url, internship.posted_date 
FROM internship 
WHERE internship.url = ?
2026-01-27 20:31:57,127 - INFO - [cached since 0.0538s ago] ('https://careers-gdms.icims.com/jobs/69437/job?mobile=true&needsRedirect=false&utm_source=Simplify&ref=Simplify',)
2026-01-27 20:31:57,127 - INFO - SELECT internship.id, internship.company, internship.role, internship.location, internship.industry, internship.ai_label, internship.summary, internship.requirements, internship.salary, internship.deadline, internship.international_score, internship.logo_url, internship.url, internship.posted_date 
FROM internship 
WHERE internship.url = ?
2026-01-27 20:31:57,127 - INFO - [cached since 0.05397s ago] ('https://cadence.wd1.myworkdayjobs.com/External_Careers/job/EDINBURGH-01/Intern---Software-Engineering_R52067?utm_source=Simplify&ref=Simplify',)
2026-01-27 20:31:57,127 - INFO - SELECT internship.id, internship.company, internship.role, internship.location, internship.industry, internship.ai_label, internship.summary, internship.requirements, internship.salary, internship.deadline, internship.international_score, internship.logo_url, internship.url, internship.posted_date 
FROM internship 
WHERE internship.url = ?
2026-01-27 20:31:57,127 - INFO - [cached since 0.05414s ago] ('https://job-boards.greenhouse.io/virtu/jobs/8314488002?utm_source=Simplify&ref=Simplify',)
2026-01-27 20:31:57,127 - INFO - SELECT internship.id, internship.company, internship.role, internship.location, internship.industry, internship.ai_label, internship.summary, internship.requirements, internship.salary, internship.deadline, internship.international_score, internship.logo_url, internship.url, internship.posted_date 
FROM internship 
WHERE internship.url = ?
2026-01-27 20:31:57,127 - INFO - [cached since 0.05431s ago] ('https://jobs.ashbyhq.com/zip/2bad03a8-4e98-480e-b8cb-bc65d36e429f/application?utm_source=Simplify&ref=Simplify',)
2026-01-27 20:31:57,128 - INFO - SELECT internship.id, internship.company, internship.role, internship.location, internship.industry, internship.ai_label, internship.summary, internship.requirements, internship.salary, internship.deadline, internship.international_score, internship.logo_url, internship.url, internship.posted_date 
FROM internship 
WHERE internship.url = ?
2026-01-27 20:31:57,128 - INFO - [cached since 0.05449s ago] ('https://boards.greenhouse.io/embed/job_app?for=gemini&token=7293075&gh_jid=7293075&utm_source=Simplify&ref=Simplify',)
2026-01-27 20:31:57,128 - INFO - SELECT internship.id, internship.company, internship.role, internship.location, internship.industry, internship.ai_label, internship.summary, internship.requirements, internship.salary, internship.deadline, internship.international_score, internship.logo_url, internship.url, internship.posted_date 
FROM internship 
WHERE internship.url = ?
2026-01-27 20:31:57,128 - INFO - [cached since 0.05467s ago] ('https://www.8am.com/openings/?gh_jid=4622069006&utm_source=Simplify&ref=Simplify',)
2026-01-27 20:31:57,128 - INFO - SELECT internship.id, internship.company, internship.role, internship.location, internship.industry, internship.ai_label, internship.summary, internship.requirements, internship.salary, internship.deadline, internship.international_score, internship.logo_url, internship.url, internship.posted_date 
FROM internship 
WHERE internship.url = ?
2026-01-27 20:31:57,128 - INFO - [cached since 0.05483s ago] ('https://cadence.wd1.myworkdayjobs.com/Univ_Careers/job/SAN-JOSE/Software-Intern_R51990?utm_source=Simplify&ref=Simplify',)
2026-01-27 20:31:57,128 - INFO - SELECT internship.id, internship.company, internship.role, internship.location, internship.industry, internship.ai_label, internship.summary, internship.requirements, internship.salary, internship.deadline, internship.international_score, internship.logo_url, internship.url, internship.posted_date 
FROM internship 
WHERE internship.url = ?
2026-01-27 20:31:57,128 - INFO - [cached since 0.05501s ago] ('https://fa-evmr-saasfaprod1.fa.ocs.oraclecloud.com/hcmUI/CandidateExperience/en/sites/CX_1/job/27874?utm_source=Simplify&ref=Simplify',)
2026-01-27 20:31:57,128 - INFO - SELECT internship.id, internship.company, internship.role, internship.location, internship.industry, internship.ai_label, internship.summary, internship.requirements, internship.salary, internship.deadline, internship.international_score, internship.logo_url, internship.url, internship.posted_date 
FROM internship 
WHERE internship.url = ?
2026-01-27 20:31:57,128 - INFO - [cached since 0.05518s ago] ('https://fa-evmr-saasfaprod1.fa.ocs.oraclecloud.com/hcmUI/CandidateExperience/en/sites/CX_1/job/27872?utm_source=Simplify&ref=Simplify',)
2026-01-27 20:31:57,128 - INFO - SELECT internship.id, internship.company, internship.role, internship.location, internship.industry, internship.ai_label, internship.summary, internship.requirements, internship.salary, internship.deadline, internship.international_score, internship.logo_url, internship.url, internship.posted_date 
FROM internship 
WHERE internship.url = ?
2026-01-27 20:31:57,128 - INFO - [cached since 0.05535s ago] ('https://fa-evmr-saasfaprod1.fa.ocs.oraclecloud.com/hcmUI/CandidateExperience/en/sites/CX_1/job/27867?utm_source=Simplify&ref=Simplify',)
2026-01-27 20:31:57,129 - INFO - SELECT internship.id, internship.company, internship.role, internship.location, internship.industry, internship.ai_label, internship.summary, internship.requirements, internship.salary, internship.deadline, internship.international_score, internship.logo_url, internship.url, internship.posted_date 
FROM internship 
WHERE internship.url = ?
2026-01-27 20:31:57,129 - INFO - [cached since 0.05553s ago] ('https://generalmotors.wd5.myworkdayjobs.com/Careers_GM/job/Mountain-View-California-United-States-of-America/XMLNAME-2026-Summer-Intern---Software-Engineer--Machine-Learning-Validation--PhD-_JR-202523181?utm_source=Simplify&ref=Simplify',)
2026-01-27 20:31:57,129 - INFO - SELECT internship.id, internship.company, internship.role, internship.location, internship.industry, internship.ai_label, internship.summary, internship.requirements, internship.salary, internship.deadline, internship.international_score, internship.logo_url, internship.url, internship.posted_date 
FROM internship 
WHERE internship.url = ?
2026-01-27 20:31:57,129 - INFO - [cached since 0.0557s ago] ('https://job-boards.greenhouse.io/metron/jobs/4958803007?utm_source=Simplify&ref=Simplify',)
2026-01-27 20:31:57,129 - INFO - SELECT internship.id, internship.company, internship.role, internship.location, internship.industry, internship.ai_label, internship.summary, internship.requirements, internship.salary, internship.deadline, internship.international_score, internship.logo_url, internship.url, internship.posted_date 
FROM internship 
WHERE internship.url = ?
2026-01-27 20:31:57,129 - INFO - [cached since 0.05588s ago] ('https://jobs.keysight.com/jobs/50957?lang=en-us&icims=1&utm_source=Simplify&ref=Simplify',)
2026-01-27 20:31:57,129 - INFO - SELECT internship.id, internship.company, internship.role, internship.location, internship.industry, internship.ai_label, internship.summary, internship.requirements, internship.salary, internship.deadline, internship.international_score, internship.logo_url, internship.url, internship.posted_date 
FROM internship 
WHERE internship.url = ?
2026-01-27 20:31:57,129 - INFO - [cached since 0.05605s ago] ('https://jobs.keysight.com/jobs/50958?lang=en-us&icims=1&utm_source=Simplify&ref=Simplify',)
2026-01-27 20:31:57,129 - INFO - SELECT internship.id, internship.company, internship.role, internship.location, internship.industry, internship.ai_label, internship.summary, internship.requirements, internship.salary, internship.deadline, internship.international_score, internship.logo_url, internship.url, internship.posted_date 
FROM internship 
WHERE internship.url = ?
2026-01-27 20:31:57,129 - INFO - [cached since 0.05621s ago] ('https://kla.wd1.myworkdayjobs.com/Search/job/Milpitas-CA/Software-Intern--GPU-optimization-_2532399-2?utm_source=Simplify&ref=Simplify',)
2026-01-27 20:31:57,129 - INFO - SELECT internship.id, internship.company, internship.role, internship.location, internship.industry, internship.ai_label, internship.summary, internship.requirements, internship.salary, internship.deadline, internship.international_score, internship.logo_url, internship.url, internship.posted_date 
FROM internship 
WHERE internship.url = ?
2026-01-27 20:31:57,130 - INFO - [cached since 0.05639s ago] ('https://cadence.wd1.myworkdayjobs.com/Univ_Careers/job/SAN-JOSE/Software-Intern--Summer--Synthesis-_R51923?utm_source=Simplify&ref=Simplify',)
2026-01-27 20:31:57,130 - INFO - Scraped and saved 0 new internships from GitHub. Errors encountered: 0
2026-01-27 20:31:57,131 - INFO - COMMIT
2026-01-27 20:31:57,131 - INFO - Crawler run complete.
2026-01-27 20:38:54,761 - INFO - Starting crawler run...
2026-01-27 20:38:54,764 - INFO - BEGIN (implicit)
2026-01-27 20:38:54,764 - INFO - PRAGMA main.table_info("internship")
2026-01-27 20:38:54,764 - INFO - [raw sql] ()
2026-01-27 20:38:54,764 - INFO - COMMIT
2026-01-27 20:38:54,765 - INFO - Fetching data from GitHub source: https://raw.githubusercontent.com/SimplifyJobs/Summer2026-Internships/dev/README.md
2026-01-27 20:38:55,733 - INFO - BEGIN (implicit)
2026-01-27 20:38:55,735 - INFO - SELECT internship.id, internship.company, internship.role, internship.location, internship.industry, internship.ai_label, internship.summary, internship.requirements, internship.salary, internship.deadline, internship.international_score, internship.logo_url, internship.url, internship.posted_date 
FROM internship 
WHERE internship.url = ?
2026-01-27 20:38:55,735 - INFO - [generated in 0.00011s] ('https://cambridgeassociates.wd5.myworkdayjobs.com/Cambridge_Associates/job/Boston/Software-Engineering-Intern_JR0000132-1?utm_source=Simplify&ref=Simplify',)
2026-01-27 20:38:55,738 - INFO - SELECT internship.id, internship.company, internship.role, internship.location, internship.industry, internship.ai_label, internship.summary, internship.requirements, internship.salary, internship.deadline, internship.international_score, internship.logo_url, internship.url, internship.posted_date 
FROM internship 
WHERE internship.url = ?
2026-01-27 20:38:55,738 - INFO - [cached since 0.002407s ago] ('https://cambridgeassociates.wd5.myworkdayjobs.com/Handshake/job/Boston/Software-Engineering-Intern_JR0000132?utm_source=Simplify&ref=Simplify',)
2026-01-27 20:38:55,738 - INFO - SELECT internship.id, internship.company, internship.role, internship.location, internship.industry, internship.ai_label, internship.summary, internship.requirements, internship.salary, internship.deadline, internship.international_score, internship.logo_url, internship.url, internship.posted_date 
FROM internship 
WHERE internship.url = ?
2026-01-27 20:38:55,738 - INFO - [cached since 0.00274s ago] ('https://autodesk.wd1.myworkdayjobs.com/Ext/job/Montreal-QC-CAN/Intern-Software-Developer--Stagiaire-en-Dveloppement-Logiciel_26WD94953-2?utm_source=Simplify&ref=Simplify',)
2026-01-27 20:38:55,738 - INFO - SELECT internship.id, internship.company, internship.role, internship.location, internship.industry, internship.ai_label, internship.summary, internship.requirements, internship.salary, internship.deadline, internship.international_score, internship.logo_url, internship.url, internship.posted_date 
FROM internship 
WHERE internship.url = ?
2026-01-27 20:38:55,738 - INFO - [cached since 0.003008s ago] ('https://autodesk.wd1.myworkdayjobs.com/Ext/job/Montreal-QC-CAN/Intern-Software-Developer--Stagiaire-en-dveloppement-logiciel_26WD94951-1?utm_source=Simplify&ref=Simplify',)
2026-01-27 20:38:55,739 - INFO - SELECT internship.id, internship.company, internship.role, internship.location, internship.industry, internship.ai_label, internship.summary, internship.requirements, internship.salary, internship.deadline, internship.international_score, internship.logo_url, internship.url, internship.posted_date 
FROM internship 
WHERE internship.url = ?
2026-01-27 20:38:55,739 - INFO - [cached since 0.003755s ago] ('https://disney.wd5.myworkdayjobs.com/disneycareerdc/job/Vancouver-BC-Canada/Production-Engineering-Intern---Summer-2026--Open-to-Canadian-Citizens---PR-only-_10138551-1?utm_source=Simplify&ref=Simplify',)
2026-01-27 20:38:55,739 - INFO - SELECT internship.id, internship.company, internship.role, internship.location, internship.industry, internship.ai_label, internship.summary, internship.requirements, internship.salary, internship.deadline, internship.international_score, internship.logo_url, internship.url, internship.posted_date 
FROM internship 
WHERE internship.url = ?
2026-01-27 20:38:55,739 - INFO - [cached since 0.003985s ago] ('https://disney.wd5.myworkdayjobs.com/disneycareerdc/job/Vancouver-BC-Canada/Studio-Talent-Group-Intern---Summer-2026--Open-to-Canadian-Citizens---PR-only-_10138559-1?utm_source=Simplify&ref=Simplify',)
2026-01-27 20:38:55,739 - INFO - SELECT internship.id, internship.company, internship.role, internship.location, internship.industry, internship.ai_label, internship.summary, internship.requirements, internship.salary, internship.deadline, internship.international_score, internship.logo_url, internship.url, internship.posted_date 
FROM internship 
WHERE internship.url = ?
2026-01-27 20:38:55,739 - INFO - [cached since 0.004204s ago] ('https://disney.wd5.myworkdayjobs.com/disneycareerdc/job/Vancouver-BC-Canada/Technical-Assistant-Intern---Summer-2026--Open-to-Canadian-Citizens---PR-only-_10138557?utm_source=Simplify&ref=Simplify',)
2026-01-27 20:38:55,740 - INFO - SELECT internship.id, internship.company, internship.role, internship.location, internship.industry, internship.ai_label, internship.summary, internship.requirements, internship.salary, internship.deadline, internship.international_score, internship.logo_url, internship.url, internship.posted_date 
FROM internship 
WHERE internship.url = ?
2026-01-27 20:38:55,740 - INFO - [cached since 0.004448s ago] ('https://disney.wd5.myworkdayjobs.com/disneycareerdc/job/Glendale-CA-USA/Disney-Live-Entertainment-Technical-Development-Intern--Summer-Fall-2026_10138539-1?utm_source=Simplify&ref=Simplify',)
2026-01-27 20:38:55,740 - INFO - SELECT internship.id, internship.company, internship.role, internship.location, internship.industry, internship.ai_label, internship.summary, internship.requirements, internship.salary, internship.deadline, internship.international_score, internship.logo_url, internship.url, internship.posted_date 
FROM internship 
WHERE internship.url = ?
2026-01-27 20:38:55,740 - INFO - [cached since 0.004669s ago] ('https://autodesk.wd1.myworkdayjobs.com/uni/job/Montreal-QC-CAN/Intern-Software-Developer--Stagiaire-en-Dveloppement-Logiciel_26WD94953-1?utm_source=Simplify&ref=Simplify',)
2026-01-27 20:38:55,740 - INFO - SELECT internship.id, internship.company, internship.role, internship.location, internship.industry, internship.ai_label, internship.summary, internship.requirements, internship.salary, internship.deadline, internship.international_score, internship.logo_url, internship.url, internship.posted_date 
FROM internship 
WHERE internship.url = ?
2026-01-27 20:38:55,740 - INFO - [cached since 0.004862s ago] ('https://autodesk.wd1.myworkdayjobs.com/uni/job/Montreal-QC-CAN/Intern-Software-Developer--Stagiaire-en-dveloppement-logiciel_26WD94951?utm_source=Simplify&ref=Simplify',)
2026-01-27 20:38:55,740 - INFO - SELECT internship.id, internship.company, internship.role, internship.location, internship.industry, internship.ai_label, internship.summary, internship.requirements, internship.salary, internship.deadline, internship.international_score, internship.logo_url, internship.url, internship.posted_date 
FROM internship 
WHERE internship.url = ?
2026-01-27 20:38:55,740 - INFO - [cached since 0.005047s ago] ('https://tmobile.wd1.myworkdayjobs.com/External/job/Overland-Park-Kansas/XMLNAME-2026-Summer-Product-Development-Internship_REQ343521?utm_source=Simplify&ref=Simplify',)
2026-01-27 20:38:55,740 - INFO - SELECT internship.id, internship.company, internship.role, internship.location, internship.industry, internship.ai_label, internship.summary, internship.requirements, internship.salary, internship.deadline, internship.international_score, internship.logo_url, internship.url, internship.posted_date 
FROM internship 
WHERE internship.url = ?
2026-01-27 20:38:55,740 - INFO - [cached since 0.005236s ago] ('https://tmobile.wd1.myworkdayjobs.com/External/job/Overland-Park-Kansas/Summer-2026-Software-Engineering-Internship_REQ343554?utm_source=Simplify&ref=Simplify',)
2026-01-27 20:38:55,741 - INFO - SELECT internship.id, internship.company, internship.role, internship.location, internship.industry, internship.ai_label, internship.summary, internship.requirements, internship.salary, internship.deadline, internship.international_score, internship.logo_url, internship.url, internship.posted_date 
FROM internship 
WHERE internship.url = ?
2026-01-27 20:38:55,741 - INFO - [cached since 0.005418s ago] ('https://thales.wd3.myworkdayjobs.com/en-US/Careers/job/Ottawa/Cloud-Software-Development-Engineer---COOP_R0312578-1?utm_source=Simplify&ref=Simplify',)
2026-01-27 20:38:55,741 - INFO - SELECT internship.id, internship.company, internship.role, internship.location, internship.industry, internship.ai_label, internship.summary, internship.requirements, internship.salary, internship.deadline, internship.international_score, internship.logo_url, internship.url, internship.posted_date 
FROM internship 
WHERE internship.url = ?
2026-01-27 20:38:55,741 - INFO - [cached since 0.005599s ago] ('https://globalhr.wd5.myworkdayjobs.com/rec_rtx_ext_gateway/job/US-CO-AURORA-S77--16470-E-Hughes-Dr--BLDG-S77/XMLNAME-2026-Intern---Software-Engineer-Intern---Onsite--CO-_01818590?utm_source=Simplify&ref=Simplify',)
2026-01-27 20:38:55,741 - INFO - SELECT internship.id, internship.company, internship.role, internship.location, internship.industry, internship.ai_label, internship.summary, internship.requirements, internship.salary, internship.deadline, internship.international_score, internship.logo_url, internship.url, internship.posted_date 
FROM internship 
WHERE internship.url = ?
2026-01-27 20:38:55,741 - INFO - [cached since 0.005778s ago] ('https://micron.wd1.myworkdayjobs.com/External/job/Boise-ID---Main-Site/Intern---ETD-Software-Engineer_JR89259?utm_source=Simplify&ref=Simplify',)
2026-01-27 20:38:55,741 - INFO - SELECT internship.id, internship.company, internship.role, internship.location, internship.industry, internship.ai_label, internship.summary, internship.requirements, internship.salary, internship.deadline, internship.international_score, internship.logo_url, internship.url, internship.posted_date 
FROM internship 
WHERE internship.url = ?
2026-01-27 20:38:55,741 - INFO - [cached since 0.005959s ago] ('https://kp.taleo.net/careersection/external/jobdetail.ftl?job=1405215&utm_source=Simplify&ref=Simplify',)
2026-01-27 20:38:55,741 - INFO - SELECT internship.id, internship.company, internship.role, internship.location, internship.industry, internship.ai_label, internship.summary, internship.requirements, internship.salary, internship.deadline, internship.international_score, internship.logo_url, internship.url, internship.posted_date 
FROM internship 
WHERE internship.url = ?
2026-01-27 20:38:55,741 - INFO - [cached since 0.006133s ago] ('https://santander.wd3.myworkdayjobs.com/SantanderCareers/job/1-Enterprise-Drive-Quincy-Corp/Payments-Technology-Intern_Req1502883-2?utm_source=Simplify&ref=Simplify',)
2026-01-27 20:38:55,741 - INFO - SELECT internship.id, internship.company, internship.role, internship.location, internship.industry, internship.ai_label, internship.summary, internship.requirements, internship.salary, internship.deadline, internship.international_score, internship.logo_url, internship.url, internship.posted_date 
FROM internship 
WHERE internship.url = ?
2026-01-27 20:38:55,742 - INFO - [cached since 0.006306s ago] ('https://globalhr.wd5.myworkdayjobs.com/rec_rtx_ext_gateway/job/US-VA-STERLING-21251-CUST--21251-Ridgetop-Cir--RIDGETOP-External-Site/XMLNAME-2026-Intern--Raytheon-Software-Engineer---Onsite_01819197?utm_source=Simplify&ref=Simplify',)
2026-01-27 20:38:55,742 - INFO - SELECT internship.id, internship.company, internship.role, internship.location, internship.industry, internship.ai_label, internship.summary, internship.requirements, internship.salary, internship.deadline, internship.international_score, internship.logo_url, internship.url, internship.posted_date 
FROM internship 
WHERE internship.url = ?
2026-01-27 20:38:55,742 - INFO - [cached since 0.006486s ago] ('https://job-boards.greenhouse.io/klaviyocampus/jobs/7603083003?utm_source=Simplify&ref=Simplify',)
2026-01-27 20:38:55,742 - INFO - SELECT internship.id, internship.company, internship.role, internship.location, internship.industry, internship.ai_label, internship.summary, internship.requirements, internship.salary, internship.deadline, internship.international_score, internship.logo_url, internship.url, internship.posted_date 
FROM internship 
WHERE internship.url = ?
2026-01-27 20:38:55,742 - INFO - [cached since 0.006665s ago] ('https://job-boards.greenhouse.io/gardacp/jobs/4174194004?utm_source=Simplify&ref=Simplify',)
2026-01-27 20:38:55,742 - INFO - SELECT internship.id, internship.company, internship.role, internship.location, internship.industry, internship.ai_label, internship.summary, internship.requirements, internship.salary, internship.deadline, internship.international_score, internship.logo_url, internship.url, internship.posted_date 
FROM internship 
WHERE internship.url = ?
2026-01-27 20:38:55,742 - INFO - [cached since 0.007119s ago] ('https://job-boards.greenhouse.io/astranis/jobs/4648080006?utm_source=Simplify&ref=Simplify',)
2026-01-27 20:38:55,743 - INFO - SELECT internship.id, internship.company, internship.role, internship.location, internship.industry, internship.ai_label, internship.summary, internship.requirements, internship.salary, internship.deadline, internship.international_score, internship.logo_url, internship.url, internship.posted_date 
FROM internship 
WHERE internship.url = ?
2026-01-27 20:38:55,743 - INFO - [cached since 0.007364s ago] ('https://job-boards.greenhouse.io/gusto/jobs/7551561?utm_source=Simplify&ref=Simplify',)
2026-01-27 20:38:55,743 - INFO - SELECT internship.id, internship.company, internship.role, internship.location, internship.industry, internship.ai_label, internship.summary, internship.requirements, internship.salary, internship.deadline, internship.international_score, internship.logo_url, internship.url, internship.posted_date 
FROM internship 
WHERE internship.url = ?
2026-01-27 20:38:55,743 - INFO - [cached since 0.00759s ago] ('https://job-boards.greenhouse.io/bamboohr17/jobs/5755725004?utm_source=Simplify&ref=Simplify',)
2026-01-27 20:38:55,743 - INFO - SELECT internship.id, internship.company, internship.role, internship.location, internship.industry, internship.ai_label, internship.summary, internship.requirements, internship.salary, internship.deadline, internship.international_score, internship.logo_url, internship.url, internship.posted_date 
FROM internship 
WHERE internship.url = ?
2026-01-27 20:38:55,743 - INFO - [cached since 0.007786s ago] ('https://cccis.wd1.myworkdayjobs.com/broadbean_external/job/Chicago-Green-St-IL/Software-Engineer-Intern---Parts-Summer-2026_0014408?utm_source=Simplify&ref=Simplify',)
2026-01-27 20:38:55,743 - INFO - SELECT internship.id, internship.company, internship.role, internship.location, internship.industry, internship.ai_label, internship.summary, internship.requirements, internship.salary, internship.deadline, internship.international_score, internship.logo_url, internship.url, internship.posted_date 
FROM internship 
WHERE internship.url = ?
2026-01-27 20:38:55,743 - INFO - [cached since 0.007982s ago] ('https://lifeattiktok.com/search/7473334964256393479?utm_source=Simplify&ref=Simplify',)
2026-01-27 20:38:55,743 - INFO - SELECT internship.id, internship.company, internship.role, internship.location, internship.industry, internship.ai_label, internship.summary, internship.requirements, internship.salary, internship.deadline, internship.international_score, internship.logo_url, internship.url, internship.posted_date 
FROM internship 
WHERE internship.url = ?
2026-01-27 20:38:55,743 - INFO - [cached since 0.008174s ago] ('https://fa-exby-saasfaprod1.fa.ocs.oraclecloud.com/hcmUI/CandidateExperience/en/sites/CX_1013/job/155?utm_source=Simplify&ref=Simplify',)
2026-01-27 20:38:55,744 - INFO - SELECT internship.id, internship.company, internship.role, internship.location, internship.industry, internship.ai_label, internship.summary, internship.requirements, internship.salary, internship.deadline, internship.international_score, internship.logo_url, internship.url, internship.posted_date 
FROM internship 
WHERE internship.url = ?
2026-01-27 20:38:55,744 - INFO - [cached since 0.008368s ago] ('https://bmo.wd3.myworkdayjobs.com/Privileged/job/Toronto-ON-CAN/Junior-Developer--Summer-2026--Co-op-Internship----16-months_R260002007?utm_source=Simplify&ref=Simplify',)
2026-01-27 20:38:55,744 - INFO - SELECT internship.id, internship.company, internship.role, internship.location, internship.industry, internship.ai_label, internship.summary, internship.requirements, internship.salary, internship.deadline, internship.international_score, internship.logo_url, internship.url, internship.posted_date 
FROM internship 
WHERE internship.url = ?
2026-01-27 20:38:55,744 - INFO - [cached since 0.008571s ago] ('https://bah.wd1.myworkdayjobs.com/Confidential/job/McLean-VA/University--2026-Summer-Games-Software-Developer-Intern_R0225356-1?utm_source=Simplify&ref=Simplify',)
2026-01-27 20:38:55,744 - INFO - SELECT internship.id, internship.company, internship.role, internship.location, internship.industry, internship.ai_label, internship.summary, internship.requirements, internship.salary, internship.deadline, internship.international_score, internship.logo_url, internship.url, internship.posted_date 
FROM internship 
WHERE internship.url = ?
2026-01-27 20:38:55,744 - INFO - [cached since 0.008756s ago] ('https://rbc.wd3.myworkdayjobs.com/rbcglobal1/job/TORONTO-Ontario-Canada/XMLNAME-2026-Summer---RBCx--Junior-Developer-Intern--4-Months-_R-0000156487?utm_source=Simplify&ref=Simplify',)
2026-01-27 20:38:55,744 - INFO - SELECT internship.id, internship.company, internship.role, internship.location, internship.industry, internship.ai_label, internship.summary, internship.requirements, internship.salary, internship.deadline, internship.international_score, internship.logo_url, internship.url, internship.posted_date 
FROM internship 
WHERE internship.url = ?
2026-01-27 20:38:55,744 - INFO - [cached since 0.008939s ago] ('https://alliancedata.wd5.myworkdayjobs.com/breadfinancial_us/job/Columbus-OH/Intern---Intelligent-Automation_R1012116?utm_source=Simplify&ref=Simplify',)
2026-01-27 20:38:55,744 - INFO - SELECT internship.id, internship.company, internship.role, internship.location, internship.industry, internship.ai_label, internship.summary, internship.requirements, internship.salary, internship.deadline, internship.international_score, internship.logo_url, internship.url, internship.posted_date 
FROM internship 
WHERE internship.url = ?
2026-01-27 20:38:55,744 - INFO - [cached since 0.009122s ago] ('https://hdde.fa.us2.oraclecloud.com/hcmUI/CandidateExperience/en/sites/CX/job/3571?utm_source=Simplify&ref=Simplify',)
2026-01-27 20:38:55,744 - INFO - SELECT internship.id, internship.company, internship.role, internship.location, internship.industry, internship.ai_label, internship.summary, internship.requirements, internship.salary, internship.deadline, internship.international_score, internship.logo_url, internship.url, internship.posted_date 
FROM internship 
WHERE internship.url = ?
2026-01-27 20:38:55,745 - INFO - [cached since 0.009313s ago] ('https://crowdstrike.wd5.myworkdayjobs.com/crowdstrikecareers/job/USA---Redmond-WA/Software-Engineer-Intern---Summer-2026_R26636?utm_source=Simplify&ref=Simplify',)
2026-01-27 20:38:55,745 - INFO - SELECT internship.id, internship.company, internship.role, internship.location, internship.industry, internship.ai_label, internship.summary, internship.requirements, internship.salary, internship.deadline, internship.international_score, internship.logo_url, internship.url, internship.posted_date 
FROM internship 
WHERE internship.url = ?
2026-01-27 20:38:55,745 - INFO - [cached since 0.009499s ago] ('https://job-boards.greenhouse.io/virtru/jobs/4653402005?utm_source=Simplify&ref=Simplify',)
2026-01-27 20:38:55,745 - INFO - SELECT internship.id, internship.company, internship.role, internship.location, internship.industry, internship.ai_label, internship.summary, internship.requirements, internship.salary, internship.deadline, internship.international_score, internship.logo_url, internship.url, internship.posted_date 
FROM internship 
WHERE internship.url = ?
2026-01-27 20:38:55,746 - INFO - [cached since 0.01042s ago] ('https://cibc.wd3.myworkdayjobs.com/search/job/Chicago-IL/Northeastern-Co-op-Software-Engineer-Chicago_2601701-1?utm_source=Simplify&ref=Simplify',)
2026-01-27 20:38:55,746 - INFO - SELECT internship.id, internship.company, internship.role, internship.location, internship.industry, internship.ai_label, internship.summary, internship.requirements, internship.salary, internship.deadline, internship.international_score, internship.logo_url, internship.url, internship.posted_date 
FROM internship 
WHERE internship.url = ?
2026-01-27 20:38:55,746 - INFO - [cached since 0.01102s ago] ('https://ciena.wd5.myworkdayjobs.com/Careers/job/Remote-US/Summer-Intern---Co-op---Software-Developer--Agentic-AI-_R029790?utm_source=Simplify&ref=Simplify',)
2026-01-27 20:38:55,746 - INFO - SELECT internship.id, internship.company, internship.role, internship.location, internship.industry, internship.ai_label, internship.summary, internship.requirements, internship.salary, internship.deadline, internship.international_score, internship.logo_url, internship.url, internship.posted_date 
FROM internship 
WHERE internship.url = ?
2026-01-27 20:38:55,747 - INFO - [cached since 0.0113s ago] ('https://caci.wd1.myworkdayjobs.com/external/job/US-MO-St-Louis/Software-Development-Intern---Summer-2026_319718?utm_source=Simplify&ref=Simplify',)
2026-01-27 20:38:55,747 - INFO - SELECT internship.id, internship.company, internship.role, internship.location, internship.industry, internship.ai_label, internship.summary, internship.requirements, internship.salary, internship.deadline, internship.international_score, internship.logo_url, internship.url, internship.posted_date 
FROM internship 
WHERE internship.url = ?
2026-01-27 20:38:55,747 - INFO - [cached since 0.01153s ago] ('https://wexinc.wd5.myworkdayjobs.com/en-US/WEXInc/job/US---Remote/Intern---Software-Engineer_R20151?utm_source=Simplify&ref=Simplify',)
2026-01-27 20:38:55,747 - INFO - SELECT internship.id, internship.company, internship.role, internship.location, internship.industry, internship.ai_label, internship.summary, internship.requirements, internship.salary, internship.deadline, internship.international_score, internship.logo_url, internship.url, internship.posted_date 
FROM internship 
WHERE internship.url = ?
2026-01-27 20:38:55,747 - INFO - [cached since 0.01175s ago] ('https://www.okta.com/company/careers/opportunity/7560923?gh_jid=7560923&utm_source=Simplify&ref=Simplify',)
2026-01-27 20:38:55,747 - INFO - SELECT internship.id, internship.company, internship.role, internship.location, internship.industry, internship.ai_label, internship.summary, internship.requirements, internship.salary, internship.deadline, internship.international_score, internship.logo_url, internship.url, internship.posted_date 
FROM internship 
WHERE internship.url = ?
2026-01-27 20:38:55,747 - INFO - [cached since 0.01197s ago] ('https://boards.greenhouse.io/embed/job_app?token=7531481&utm_source=Simplify&ref=Simplify',)
2026-01-27 20:38:55,747 - INFO - SELECT internship.id, internship.company, internship.role, internship.location, internship.industry, internship.ai_label, internship.summary, internship.requirements, internship.salary, internship.deadline, internship.international_score, internship.logo_url, internship.url, internship.posted_date 
FROM internship 
WHERE internship.url = ?
2026-01-27 20:38:55,747 - INFO - [cached since 0.01218s ago] ('https://boards.greenhouse.io/embed/job_app?token=7531477&utm_source=Simplify&ref=Simplify',)
2026-01-27 20:38:55,748 - INFO - SELECT internship.id, internship.company, internship.role, internship.location, internship.industry, internship.ai_label, internship.summary, internship.requirements, internship.salary, internship.deadline, internship.international_score, internship.logo_url, internship.url, internship.posted_date 
FROM internship 
WHERE internship.url = ?
2026-01-27 20:38:55,748 - INFO - [cached since 0.01238s ago] ('http://block.xyz/careers/jobs/5083061008?gh_jid=5083061008&utm_source=Simplify&ref=Simplify',)
2026-01-27 20:38:55,748 - INFO - SELECT internship.id, internship.company, internship.role, internship.location, internship.industry, internship.ai_label, internship.summary, internship.requirements, internship.salary, internship.deadline, internship.international_score, internship.logo_url, internship.url, internship.posted_date 
FROM internship 
WHERE internship.url = ?
2026-01-27 20:38:55,748 - INFO - [cached since 0.01257s ago] ('http://block.xyz/careers/jobs/5083063008?gh_jid=5083063008&utm_source=Simplify&ref=Simplify',)
2026-01-27 20:38:55,748 - INFO - SELECT internship.id, internship.company, internship.role, internship.location, internship.industry, internship.ai_label, internship.summary, internship.requirements, internship.salary, internship.deadline, internship.international_score, internship.logo_url, internship.url, internship.posted_date 
FROM internship 
WHERE internship.url = ?
2026-01-27 20:38:55,748 - INFO - [cached since 0.01275s ago] ('https://disney.wd5.myworkdayjobs.com/disneycareer/job/Glendale-CA-USA/Disney-Live-Entertainment-Technical-Development-Intern--Summer-Fall-2026_10138539?utm_source=Simplify&ref=Simplify',)
2026-01-27 20:38:55,748 - INFO - SELECT internship.id, internship.company, internship.role, internship.location, internship.industry, internship.ai_label, internship.summary, internship.requirements, internship.salary, internship.deadline, internship.international_score, internship.logo_url, internship.url, internship.posted_date 
FROM internship 
WHERE internship.url = ?
2026-01-27 20:38:55,748 - INFO - [cached since 0.01295s ago] ('https://cibc.wd3.myworkdayjobs.com/campus/job/Chicago-IL/Northeastern-Co-op-Software-Engineer-Chicago_2601701?utm_source=Simplify&ref=Simplify',)
2026-01-27 20:38:55,748 - INFO - SELECT internship.id, internship.company, internship.role, internship.location, internship.industry, internship.ai_label, internship.summary, internship.requirements, internship.salary, internship.deadline, internship.international_score, internship.logo_url, internship.url, internship.posted_date 
FROM internship 
WHERE internship.url = ?
2026-01-27 20:38:55,748 - INFO - [cached since 0.01314s ago] ('https://autodesk.wd1.myworkdayjobs.com/Ext/job/AMER---Canada---Ontario---OffsiteHome/Intern--Full-Stack-Developer_25WD92516-1?utm_source=Simplify&ref=Simplify',)
2026-01-27 20:38:55,748 - INFO - SELECT internship.id, internship.company, internship.role, internship.location, internship.industry, internship.ai_label, internship.summary, internship.requirements, internship.salary, internship.deadline, internship.international_score, internship.logo_url, internship.url, internship.posted_date 
FROM internship 
WHERE internship.url = ?
2026-01-27 20:38:55,749 - INFO - [cached since 0.01332s ago] ('https://autodesk.wd1.myworkdayjobs.com/uni/job/AMER---Canada---Ontario---OffsiteHome/Intern--Full-Stack-Developer_25WD92516?utm_source=Simplify&ref=Simplify',)
2026-01-27 20:38:55,749 - INFO - SELECT internship.id, internship.company, internship.role, internship.location, internship.industry, internship.ai_label, internship.summary, internship.requirements, internship.salary, internship.deadline, internship.international_score, internship.logo_url, internship.url, internship.posted_date 
FROM internship 
WHERE internship.url = ?
2026-01-27 20:38:55,749 - INFO - [cached since 0.01352s ago] ('https://bpinternational.wd3.myworkdayjobs.com/bpEarlyCareers/job/United-Kingdom---Sunbury/Summer-Internship---Digital---Digital-Engineering---UK_RQ101238?utm_source=Simplify&ref=Simplify',)
2026-01-27 20:38:55,749 - INFO - SELECT internship.id, internship.company, internship.role, internship.location, internship.industry, internship.ai_label, internship.summary, internship.requirements, internship.salary, internship.deadline, internship.international_score, internship.logo_url, internship.url, internship.posted_date 
FROM internship 
WHERE internship.url = ?
2026-01-27 20:38:55,749 - INFO - [cached since 0.01371s ago] ('https://jobs.ashbyhq.com/Flock%20Safety/28210ab6-8de5-43ff-880f-0aaa61bfa455/application?utm_source=Simplify&ref=Simplify',)
2026-01-27 20:38:55,749 - INFO - SELECT internship.id, internship.company, internship.role, internship.location, internship.industry, internship.ai_label, internship.summary, internship.requirements, internship.salary, internship.deadline, internship.international_score, internship.logo_url, internship.url, internship.posted_date 
FROM internship 
WHERE internship.url = ?
2026-01-27 20:38:55,749 - INFO - [cached since 0.0139s ago] ('https://assurant.wd1.myworkdayjobs.com/External_Limited_Posting/job/United-States-Virtual/Summer-2026--Software-Engineering-Intern_R-112001?utm_source=Simplify&ref=Simplify',)
2026-01-27 20:38:55,749 - INFO - SELECT internship.id, internship.company, internship.role, internship.location, internship.industry, internship.ai_label, internship.summary, internship.requirements, internship.salary, internship.deadline, internship.international_score, internship.logo_url, internship.url, internship.posted_date 
FROM internship 
WHERE internship.url = ?
2026-01-27 20:38:55,749 - INFO - [cached since 0.01411s ago] ('https://assurant.wd1.myworkdayjobs.com/External_Limited_Posting/job/United-States-Virtual/Summer-2026--Technical-Product-Project-Owner-Intern_R-112000?utm_source=Simplify&ref=Simplify',)
2026-01-27 20:38:55,749 - INFO - SELECT internship.id, internship.company, internship.role, internship.location, internship.industry, internship.ai_label, internship.summary, internship.requirements, internship.salary, internship.deadline, internship.international_score, internship.logo_url, internship.url, internship.posted_date 
FROM internship 
WHERE internship.url = ?
2026-01-27 20:38:55,750 - INFO - [cached since 0.01432s ago] ('https://motorolasolutions.wd5.myworkdayjobs.com/Careers/job/St-Petersburg-Business-Center/Software-Development-Intern---Summer-2026-Internship_R61254?utm_source=Simplify&ref=Simplify',)
2026-01-27 20:38:55,750 - INFO - SELECT internship.id, internship.company, internship.role, internship.location, internship.industry, internship.ai_label, internship.summary, internship.requirements, internship.salary, internship.deadline, internship.international_score, internship.logo_url, internship.url, internship.posted_date 
FROM internship 
WHERE internship.url = ?
2026-01-27 20:38:55,750 - INFO - [cached since 0.0145s ago] ('https://motorolasolutions.wd5.myworkdayjobs.com/Careers/job/West-Valley-City-UT/Software-Engineering-Intern---2026-Summer-Internship_R61268?utm_source=Simplify&ref=Simplify',)
2026-01-27 20:38:55,750 - INFO - SELECT internship.id, internship.company, internship.role, internship.location, internship.industry, internship.ai_label, internship.summary, internship.requirements, internship.salary, internship.deadline, internship.international_score, internship.logo_url, internship.url, internship.posted_date 
FROM internship 
WHERE internship.url = ?
2026-01-27 20:38:55,750 - INFO - [cached since 0.01468s ago] ('https://copeland.wd5.myworkdayjobs.com/copeland_external_careers_page/job/Remote-US-Ohio/XMLNAME-2026-Associate-Agile-Engineer-Internship_JR113038?utm_source=Simplify&ref=Simplify',)
2026-01-27 20:38:55,750 - INFO - SELECT internship.id, internship.company, internship.role, internship.location, internship.industry, internship.ai_label, internship.summary, internship.requirements, internship.salary, internship.deadline, internship.international_score, internship.logo_url, internship.url, internship.posted_date 
FROM internship 
WHERE internship.url = ?
2026-01-27 20:38:55,750 - INFO - [cached since 0.01487s ago] ('https://cae.wd3.myworkdayjobs.com/career/job/Arlington-TX/University-of-Texas-at-Arlington---Engineering-Co-op_120146?utm_source=Simplify&ref=Simplify',)
2026-01-27 20:38:55,750 - INFO - SELECT internship.id, internship.company, internship.role, internship.location, internship.industry, internship.ai_label, internship.summary, internship.requirements, internship.salary, internship.deadline, internship.international_score, internship.logo_url, internship.url, internship.posted_date 
FROM internship 
WHERE internship.url = ?
2026-01-27 20:38:55,750 - INFO - [cached since 0.01506s ago] ('https://lifeattiktok.com/search/7595346355196954933?utm_source=Simplify&ref=Simplify',)
2026-01-27 20:38:55,750 - INFO - SELECT internship.id, internship.company, internship.role, internship.location, internship.industry, internship.ai_label, internship.summary, internship.requirements, internship.salary, internship.deadline, internship.international_score, internship.logo_url, internship.url, internship.posted_date 
FROM internship 
WHERE internship.url = ?
2026-01-27 20:38:55,750 - INFO - [cached since 0.01523s ago] ('https://globalhr.wd5.myworkdayjobs.com/rec_rtx_ext_gateway/job/PA602-302-Science-Park-Road-Bldg-5C-302-Science-Park-Road-Building-5C-State-College-PA-16803-2214-USA/XMLNAME-2026-Intern---Software-Fellow-Engineer-Intern---Onsite--PA-_01818749?utm_source=Simplify&ref=Simplify',)
2026-01-27 20:38:55,751 - INFO - SELECT internship.id, internship.company, internship.role, internship.location, internship.industry, internship.ai_label, internship.summary, internship.requirements, internship.salary, internship.deadline, internship.international_score, internship.logo_url, internship.url, internship.posted_date 
FROM internship 
WHERE internship.url = ?
2026-01-27 20:38:55,751 - INFO - [cached since 0.01541s ago] ('https://bmo.wd3.myworkdayjobs.com/Privileged/job/Toronto-ON-CAN/Mainframe-System-Programmer--Summer-2026--Co-op-Internship---4-Months_R260002564?utm_source=Simplify&ref=Simplify',)
2026-01-27 20:38:55,751 - INFO - SELECT internship.id, internship.company, internship.role, internship.location, internship.industry, internship.ai_label, internship.summary, internship.requirements, internship.salary, internship.deadline, internship.international_score, internship.logo_url, internship.url, internship.posted_date 
FROM internship 
WHERE internship.url = ?
2026-01-27 20:38:55,751 - INFO - [cached since 0.01559s ago] ('https://cibc.wd3.myworkdayjobs.com/campus/job/Chicago-IL/XMLNAME-2026-Summer-Intern---Software-Engineer_2523686?utm_source=Simplify&ref=Simplify',)
2026-01-27 20:38:55,751 - INFO - SELECT internship.id, internship.company, internship.role, internship.location, internship.industry, internship.ai_label, internship.summary, internship.requirements, internship.salary, internship.deadline, internship.international_score, internship.logo_url, internship.url, internship.posted_date 
FROM internship 
WHERE internship.url = ?
2026-01-27 20:38:55,751 - INFO - [cached since 0.01579s ago] ('https://bah.wd1.myworkdayjobs.com/Confidential/job/McLean-VA/University--2026-Summer-Games-Systems-Engineering-Intern_R0225531-1?utm_source=Simplify&ref=Simplify',)
2026-01-27 20:38:55,751 - INFO - SELECT internship.id, internship.company, internship.role, internship.location, internship.industry, internship.ai_label, internship.summary, internship.requirements, internship.salary, internship.deadline, internship.international_score, internship.logo_url, internship.url, internship.posted_date 
FROM internship 
WHERE internship.url = ?
2026-01-27 20:38:55,751 - INFO - [cached since 0.01597s ago] ('https://jobs.ashbyhq.com/tandem/82e10191-232e-4e8d-9c5e-cb82940cdfc7/application?utm_source=Simplify&ref=Simplify',)
2026-01-27 20:38:55,751 - INFO - SELECT internship.id, internship.company, internship.role, internship.location, internship.industry, internship.ai_label, internship.summary, internship.requirements, internship.salary, internship.deadline, internship.international_score, internship.logo_url, internship.url, internship.posted_date 
FROM internship 
WHERE internship.url = ?
2026-01-27 20:38:55,751 - INFO - [cached since 0.01615s ago] ('https://fa-evmr-saasfaprod1.fa.ocs.oraclecloud.com/hcmUI/CandidateExperience/en/sites/CX_1/job/30612?utm_source=Simplify&ref=Simplify',)
2026-01-27 20:38:55,752 - INFO - SELECT internship.id, internship.company, internship.role, internship.location, internship.industry, internship.ai_label, internship.summary, internship.requirements, internship.salary, internship.deadline, internship.international_score, internship.logo_url, internship.url, internship.posted_date 
FROM internship 
WHERE internship.url = ?
2026-01-27 20:38:55,752 - INFO - [cached since 0.01633s ago] ('https://job-boards.greenhouse.io/glossgenius/jobs/7600548003?utm_source=Simplify&ref=Simplify',)
2026-01-27 20:38:55,752 - INFO - SELECT internship.id, internship.company, internship.role, internship.location, internship.industry, internship.ai_label, internship.summary, internship.requirements, internship.salary, internship.deadline, internship.international_score, internship.logo_url, internship.url, internship.posted_date 
FROM internship 
WHERE internship.url = ?
2026-01-27 20:38:55,752 - INFO - [cached since 0.0165s ago] ('https://aexp.eightfold.ai/careers/job/39688514?utm_source=Simplify&ref=Simplify',)
2026-01-27 20:38:55,752 - INFO - SELECT internship.id, internship.company, internship.role, internship.location, internship.industry, internship.ai_label, internship.summary, internship.requirements, internship.salary, internship.deadline, internship.international_score, internship.logo_url, internship.url, internship.posted_date 
FROM internship 
WHERE internship.url = ?
2026-01-27 20:38:55,752 - INFO - [cached since 0.01667s ago] ('https://job-boards.greenhouse.io/pmg/jobs/8374921002?utm_source=Simplify&ref=Simplify',)
2026-01-27 20:38:55,752 - INFO - SELECT internship.id, internship.company, internship.role, internship.location, internship.industry, internship.ai_label, internship.summary, internship.requirements, internship.salary, internship.deadline, internship.international_score, internship.logo_url, internship.url, internship.posted_date 
FROM internship 
WHERE internship.url = ?
2026-01-27 20:38:55,752 - INFO - [cached since 0.01685s ago] ('https://www.okta.com/company/careers/opportunity/7555668?gh_jid=7555668&utm_source=Simplify&ref=Simplify',)
2026-01-27 20:38:55,752 - INFO - SELECT internship.id, internship.company, internship.role, internship.location, internship.industry, internship.ai_label, internship.summary, internship.requirements, internship.salary, internship.deadline, internship.international_score, internship.logo_url, internship.url, internship.posted_date 
FROM internship 
WHERE internship.url = ?
2026-01-27 20:38:55,752 - INFO - [cached since 0.01703s ago] ('https://www.okta.com/company/careers/opportunity/7551670?gh_jid=7551670&utm_source=Simplify&ref=Simplify',)
2026-01-27 20:38:55,752 - INFO - SELECT internship.id, internship.company, internship.role, internship.location, internship.industry, internship.ai_label, internship.summary, internship.requirements, internship.salary, internship.deadline, internship.international_score, internship.logo_url, internship.url, internship.posted_date 
FROM internship 
WHERE internship.url = ?
2026-01-27 20:38:55,752 - INFO - [cached since 0.01721s ago] ('https://jobs.ashbyhq.com/airspace-intelligence.com/8d49943d-197e-4b14-b4cf-3df91c7f8437/application?utm_source=Simplify&ref=Simplify',)
2026-01-27 20:38:55,753 - INFO - SELECT internship.id, internship.company, internship.role, internship.location, internship.industry, internship.ai_label, internship.summary, internship.requirements, internship.salary, internship.deadline, internship.international_score, internship.logo_url, internship.url, internship.posted_date 
FROM internship 
WHERE internship.url = ?
2026-01-27 20:38:55,753 - INFO - [cached since 0.0174s ago] ('https://cadence.wd1.myworkdayjobs.com/External_Careers/job/SAN-JOSE/Software-Intern_R51990-1?utm_source=Simplify&ref=Simplify',)
2026-01-27 20:38:55,753 - INFO - SELECT internship.id, internship.company, internship.role, internship.location, internship.industry, internship.ai_label, internship.summary, internship.requirements, internship.salary, internship.deadline, internship.international_score, internship.logo_url, internship.url, internship.posted_date 
FROM internship 
WHERE internship.url = ?
2026-01-27 20:38:55,753 - INFO - [cached since 0.01761s ago] ('https://cadence.wd1.myworkdayjobs.com/Univ_Careers/job/SAN-JOSE/Software-Engineer-Intern--Compilers----Summer-2026_R52507?utm_source=Simplify&ref=Simplify',)
2026-01-27 20:38:55,753 - INFO - SELECT internship.id, internship.company, internship.role, internship.location, internship.industry, internship.ai_label, internship.summary, internship.requirements, internship.salary, internship.deadline, internship.international_score, internship.logo_url, internship.url, internship.posted_date 
FROM internship 
WHERE internship.url = ?
2026-01-27 20:38:55,753 - INFO - [cached since 0.01778s ago] ('https://www.exptechinc.com/careers/?gh_jid=5029560007&utm_source=Simplify&ref=Simplify',)
2026-01-27 20:38:55,753 - INFO - SELECT internship.id, internship.company, internship.role, internship.location, internship.industry, internship.ai_label, internship.summary, internship.requirements, internship.salary, internship.deadline, internship.international_score, internship.logo_url, internship.url, internship.posted_date 
FROM internship 
WHERE internship.url = ?
2026-01-27 20:38:55,753 - INFO - [cached since 0.01798s ago] ('https://uline.wd1.myworkdayjobs.com/en-US/Uline_Careers/job/Pleasant-Prairie-WI/Web-Production-Internship---Summer-2026_R260708?utm_source=Simplify&ref=Simplify',)
2026-01-27 20:38:55,753 - INFO - SELECT internship.id, internship.company, internship.role, internship.location, internship.industry, internship.ai_label, internship.summary, internship.requirements, internship.salary, internship.deadline, internship.international_score, internship.logo_url, internship.url, internship.posted_date 
FROM internship 
WHERE internship.url = ?
2026-01-27 20:38:55,753 - INFO - [cached since 0.01817s ago] ('https://jci.wd5.myworkdayjobs.com/JCI/job/Glendale-Wisconsin-United-States-of-America/Software-Tools-Engineering-Intern_WD30258873?utm_source=Simplify&ref=Simplify',)
2026-01-27 20:38:55,754 - INFO - SELECT internship.id, internship.company, internship.role, internship.location, internship.industry, internship.ai_label, internship.summary, internship.requirements, internship.salary, internship.deadline, internship.international_score, internship.logo_url, internship.url, internship.posted_date 
FROM internship 
WHERE internship.url = ?
2026-01-27 20:38:55,754 - INFO - [cached since 0.01837s ago] ('https://job-boards.greenhouse.io/darkwolfsolutions/jobs/7597991003?utm_source=Simplify&ref=Simplify',)
2026-01-27 20:38:55,754 - INFO - SELECT internship.id, internship.company, internship.role, internship.location, internship.industry, internship.ai_label, internship.summary, internship.requirements, internship.salary, internship.deadline, internship.international_score, internship.logo_url, internship.url, internship.posted_date 
FROM internship 
WHERE internship.url = ?
2026-01-27 20:38:55,754 - INFO - [cached since 0.01856s ago] ('https://rsm.wd1.myworkdayjobs.com/RSMCareers/job/Chicago/Cyber-ServiceNow-Developer-Associate---Summer-2026_JR113648?utm_source=Simplify&ref=Simplify',)
2026-01-27 20:38:55,754 - INFO - SELECT internship.id, internship.company, internship.role, internship.location, internship.industry, internship.ai_label, internship.summary, internship.requirements, internship.salary, internship.deadline, internship.international_score, internship.logo_url, internship.url, internship.posted_date 
FROM internship 
WHERE internship.url = ?
2026-01-27 20:38:55,754 - INFO - [cached since 0.01874s ago] ('https://boards.greenhouse.io/embed/job_app?token=5776185004&utm_source=Simplify&ref=Simplify',)
2026-01-27 20:38:55,754 - INFO - SELECT internship.id, internship.company, internship.role, internship.location, internship.industry, internship.ai_label, internship.summary, internship.requirements, internship.salary, internship.deadline, internship.international_score, internship.logo_url, internship.url, internship.posted_date 
FROM internship 
WHERE internship.url = ?
2026-01-27 20:38:55,754 - INFO - [cached since 0.01892s ago] ('https://www.weareroku.com/jobs/7533355?gh_jid=7533355&utm_source=Simplify&ref=Simplify',)
2026-01-27 20:38:55,754 - INFO - SELECT internship.id, internship.company, internship.role, internship.location, internship.industry, internship.ai_label, internship.summary, internship.requirements, internship.salary, internship.deadline, internship.international_score, internship.logo_url, internship.url, internship.posted_date 
FROM internship 
WHERE internship.url = ?
2026-01-27 20:38:55,754 - INFO - [cached since 0.01909s ago] ('https://www.weareroku.com/jobs/7533354?gh_jid=7533354&utm_source=Simplify&ref=Simplify',)
2026-01-27 20:38:55,754 - INFO - SELECT internship.id, internship.company, internship.role, internship.location, internship.industry, internship.ai_label, internship.summary, internship.requirements, internship.salary, internship.deadline, internship.international_score, internship.logo_url, internship.url, internship.posted_date 
FROM internship 
WHERE internship.url = ?
2026-01-27 20:38:55,754 - INFO - [cached since 0.01927s ago] ('https://job-boards.greenhouse.io/sigmacomputing/jobs/7598782003?utm_source=Simplify&ref=Simplify',)
2026-01-27 20:38:55,755 - INFO - SELECT internship.id, internship.company, internship.role, internship.location, internship.industry, internship.ai_label, internship.summary, internship.requirements, internship.salary, internship.deadline, internship.international_score, internship.logo_url, internship.url, internship.posted_date 
FROM internship 
WHERE internship.url = ?
2026-01-27 20:38:55,755 - INFO - [cached since 0.01945s ago] ('https://zoll.wd5.myworkdayjobs.com/en-US/ZOLLMedicalCorp/job/Pittsburgh-PA/IT-Application-Intern_R17865?utm_source=Simplify&ref=Simplify',)
2026-01-27 20:38:55,755 - INFO - SELECT internship.id, internship.company, internship.role, internship.location, internship.industry, internship.ai_label, internship.summary, internship.requirements, internship.salary, internship.deadline, internship.international_score, internship.logo_url, internship.url, internship.posted_date 
FROM internship 
WHERE internship.url = ?
2026-01-27 20:38:55,755 - INFO - [cached since 0.01963s ago] ('https://www.okta.com/company/careers/opportunity/7547852?gh_jid=7547852&utm_source=Simplify&ref=Simplify',)
2026-01-27 20:38:55,755 - INFO - SELECT internship.id, internship.company, internship.role, internship.location, internship.industry, internship.ai_label, internship.summary, internship.requirements, internship.salary, internship.deadline, internship.international_score, internship.logo_url, internship.url, internship.posted_date 
FROM internship 
WHERE internship.url = ?
2026-01-27 20:38:55,755 - INFO - [cached since 0.0198s ago] ('https://bmo.wd3.myworkdayjobs.com/External/job/San-Ramon-CA-USA/Software-Developer--Summer-2026--Internship----10-weeks_R260002319-1?utm_source=Simplify&ref=Simplify',)
2026-01-27 20:38:55,755 - INFO - SELECT internship.id, internship.company, internship.role, internship.location, internship.industry, internship.ai_label, internship.summary, internship.requirements, internship.salary, internship.deadline, internship.international_score, internship.logo_url, internship.url, internship.posted_date 
FROM internship 
WHERE internship.url = ?
2026-01-27 20:38:55,755 - INFO - [cached since 0.01998s ago] ('https://job-boards.greenhouse.io/skhynixamerica/jobs/5078298008?utm_source=Simplify&ref=Simplify',)
2026-01-27 20:38:55,755 - INFO - SELECT internship.id, internship.company, internship.role, internship.location, internship.industry, internship.ai_label, internship.summary, internship.requirements, internship.salary, internship.deadline, internship.international_score, internship.logo_url, internship.url, internship.posted_date 
FROM internship 
WHERE internship.url = ?
2026-01-27 20:38:55,755 - INFO - [cached since 0.02026s ago] ('https://rsm.wd1.myworkdayjobs.com/RSMCareers/job/Denver-Greenwood/Managed-Application-Services-Consulting-Intern---Summer-2026_JR110951?utm_source=Simplify&ref=Simplify',)
2026-01-27 20:38:55,756 - INFO - SELECT internship.id, internship.company, internship.role, internship.location, internship.industry, internship.ai_label, internship.summary, internship.requirements, internship.salary, internship.deadline, internship.international_score, internship.logo_url, internship.url, internship.posted_date 
FROM internship 
WHERE internship.url = ?
2026-01-27 20:38:55,756 - INFO - [cached since 0.0205s ago] ('https://job-boards.greenhouse.io/verisign/jobs/7453354003?utm_source=Simplify&ref=Simplify',)
2026-01-27 20:38:55,756 - INFO - SELECT internship.id, internship.company, internship.role, internship.location, internship.industry, internship.ai_label, internship.summary, internship.requirements, internship.salary, internship.deadline, internship.international_score, internship.logo_url, internship.url, internship.posted_date 
FROM internship 
WHERE internship.url = ?
2026-01-27 20:38:55,756 - INFO - [cached since 0.02072s ago] ('https://autodesk.wd1.myworkdayjobs.com/uni/job/Montreal-QC-CAN/Stagiaire-en-Dveloppement-Logiciel--Intern-Software-Developer_25WD92638-1?utm_source=Simplify&ref=Simplify',)
2026-01-27 20:38:55,756 - INFO - SELECT internship.id, internship.company, internship.role, internship.location, internship.industry, internship.ai_label, internship.summary, internship.requirements, internship.salary, internship.deadline, internship.international_score, internship.logo_url, internship.url, internship.posted_date 
FROM internship 
WHERE internship.url = ?
2026-01-27 20:38:55,756 - INFO - [cached since 0.02092s ago] ('https://claytonhomes.wd1.myworkdayjobs.com/ClaytonCareers/job/Maryville-TN/Associate-Professional--Intern_JR127100?utm_source=Simplify&ref=Simplify',)
2026-01-27 20:38:55,756 - INFO - SELECT internship.id, internship.company, internship.role, internship.location, internship.industry, internship.ai_label, internship.summary, internship.requirements, internship.salary, internship.deadline, internship.international_score, internship.logo_url, internship.url, internship.posted_date 
FROM internship 
WHERE internship.url = ?
2026-01-27 20:38:55,756 - INFO - [cached since 0.02111s ago] ('https://bmo.wd3.myworkdayjobs.com/External/job/Naperville-IL-USA/Software-Developer--Summer-2026--Internship----10-weeks_R260002068-1?utm_source=Simplify&ref=Simplify',)
2026-01-27 20:38:55,756 - INFO - SELECT internship.id, internship.company, internship.role, internship.location, internship.industry, internship.ai_label, internship.summary, internship.requirements, internship.salary, internship.deadline, internship.international_score, internship.logo_url, internship.url, internship.posted_date 
FROM internship 
WHERE internship.url = ?
2026-01-27 20:38:55,756 - INFO - [cached since 0.02129s ago] ('https://kla.wd1.myworkdayjobs.com/AnnArbor/job/Ann-Arbor-MI/Software-Engineer--AI-ML--Intern_2532577?utm_source=Simplify&ref=Simplify',)
2026-01-27 20:38:55,757 - INFO - SELECT internship.id, internship.company, internship.role, internship.location, internship.industry, internship.ai_label, internship.summary, internship.requirements, internship.salary, internship.deadline, internship.international_score, internship.logo_url, internship.url, internship.posted_date 
FROM internship 
WHERE internship.url = ?
2026-01-27 20:38:55,757 - INFO - [cached since 0.02148s ago] ('https://kla.wd1.myworkdayjobs.com/UR/job/Ann-Arbor-MI/KLAS-Summer-Intern_2532577?utm_source=Simplify&ref=Simplify',)
2026-01-27 20:38:55,757 - INFO - SELECT internship.id, internship.company, internship.role, internship.location, internship.industry, internship.ai_label, internship.summary, internship.requirements, internship.salary, internship.deadline, internship.international_score, internship.logo_url, internship.url, internship.posted_date 
FROM internship 
WHERE internship.url = ?
2026-01-27 20:38:55,757 - INFO - [cached since 0.02165s ago] ('https://kla.wd1.myworkdayjobs.com/UR/job/Milpitas-CA/Application-Engineer-Intern_2532180?utm_source=Simplify&ref=Simplify',)
2026-01-27 20:38:55,757 - INFO - SELECT internship.id, internship.company, internship.role, internship.location, internship.industry, internship.ai_label, internship.summary, internship.requirements, internship.salary, internship.deadline, internship.international_score, internship.logo_url, internship.url, internship.posted_date 
FROM internship 
WHERE internship.url = ?
2026-01-27 20:38:55,757 - INFO - [cached since 0.02183s ago] ('https://kla.wd1.myworkdayjobs.com/UR/job/Milpitas-CA/Software-Intern--GPU-optimization-_2532399-1?utm_source=Simplify&ref=Simplify',)
2026-01-27 20:38:55,757 - INFO - SELECT internship.id, internship.company, internship.role, internship.location, internship.industry, internship.ai_label, internship.summary, internship.requirements, internship.salary, internship.deadline, internship.international_score, internship.logo_url, internship.url, internship.posted_date 
FROM internship 
WHERE internship.url = ?
2026-01-27 20:38:55,757 - INFO - [cached since 0.02201s ago] ('https://rb.wd5.myworkdayjobs.com/en-US/FRS/job/Kansas-City-MO/Internship--Software-Engineer---TechEdge-Program---Summer-2026_R-0000031167-1?utm_source=Simplify&ref=Simplify',)
2026-01-27 20:38:55,757 - INFO - SELECT internship.id, internship.company, internship.role, internship.location, internship.industry, internship.ai_label, internship.summary, internship.requirements, internship.salary, internship.deadline, internship.international_score, internship.logo_url, internship.url, internship.posted_date 
FROM internship 
WHERE internship.url = ?
2026-01-27 20:38:55,757 - INFO - [cached since 0.0222s ago] ('https://jobs.paccar.com/job/Renton-IT-Summer-2026-Intern-Software-Engineering-Internship-GCS-WA-98057/1285530201/?ats=successfactors&utm_source=Simplify&ref=Simplify',)
2026-01-27 20:38:55,758 - INFO - SELECT internship.id, internship.company, internship.role, internship.location, internship.industry, internship.ai_label, internship.summary, internship.requirements, internship.salary, internship.deadline, internship.international_score, internship.logo_url, internship.url, internship.posted_date 
FROM internship 
WHERE internship.url = ?
2026-01-27 20:38:55,758 - INFO - [cached since 0.02238s ago] ('https://dell.wd1.myworkdayjobs.com/External/job/Ottawa-Ontario-Canada/Undergraduate-Intern_R272953?utm_source=Simplify&ref=Simplify',)
2026-01-27 20:38:55,758 - INFO - SELECT internship.id, internship.company, internship.role, internship.location, internship.industry, internship.ai_label, internship.summary, internship.requirements, internship.salary, internship.deadline, internship.international_score, internship.logo_url, internship.url, internship.posted_date 
FROM internship 
WHERE internship.url = ?
2026-01-27 20:38:55,758 - INFO - [cached since 0.02256s ago] ('https://apply.workable.com/altom-transport/j/4B7DECE961/apply?utm_source=Simplify&ref=Simplify',)
2026-01-27 20:38:55,758 - INFO - SELECT internship.id, internship.company, internship.role, internship.location, internship.industry, internship.ai_label, internship.summary, internship.requirements, internship.salary, internship.deadline, internship.international_score, internship.logo_url, internship.url, internship.posted_date 
FROM internship 
WHERE internship.url = ?
2026-01-27 20:38:55,758 - INFO - [cached since 0.02273s ago] ('https://apply.workable.com/altom-transport/j/0D87C19BEC/apply?utm_source=Simplify&ref=Simplify',)
2026-01-27 20:38:55,758 - INFO - SELECT internship.id, internship.company, internship.role, internship.location, internship.industry, internship.ai_label, internship.summary, internship.requirements, internship.salary, internship.deadline, internship.international_score, internship.logo_url, internship.url, internship.posted_date 
FROM internship 
WHERE internship.url = ?
2026-01-27 20:38:55,758 - INFO - [cached since 0.0229s ago] ('https://apply.workable.com/altom-transport/j/3FEED37479/apply?utm_source=Simplify&ref=Simplify',)
2026-01-27 20:38:55,758 - INFO - SELECT internship.id, internship.company, internship.role, internship.location, internship.industry, internship.ai_label, internship.summary, internship.requirements, internship.salary, internship.deadline, internship.international_score, internship.logo_url, internship.url, internship.posted_date 
FROM internship 
WHERE internship.url = ?
2026-01-27 20:38:55,758 - INFO - [cached since 0.02308s ago] ('https://apply.workable.com/al-warren-oil-company-inc/j/AB0449D390/apply?utm_source=Simplify&ref=Simplify',)
2026-01-27 20:38:55,758 - INFO - SELECT internship.id, internship.company, internship.role, internship.location, internship.industry, internship.ai_label, internship.summary, internship.requirements, internship.salary, internship.deadline, internship.international_score, internship.logo_url, internship.url, internship.posted_date 
FROM internship 
WHERE internship.url = ?
2026-01-27 20:38:55,758 - INFO - [cached since 0.02325s ago] ('https://jobs.paccar.com/job/Renton-Software-Engineer-Intern-Mainframe-WA-98057/1285423101/?ats=successfactors&utm_source=Simplify&ref=Simplify',)
2026-01-27 20:38:55,759 - INFO - SELECT internship.id, internship.company, internship.role, internship.location, internship.industry, internship.ai_label, internship.summary, internship.requirements, internship.salary, internship.deadline, internship.international_score, internship.logo_url, internship.url, internship.posted_date 
FROM internship 
WHERE internship.url = ?
2026-01-27 20:38:55,759 - INFO - [cached since 0.02382s ago] ('https://jobs.smartrecruiters.com/CaliforniaISO/744000104561544?utm_source=Simplify&ref=Simplify',)
2026-01-27 20:38:55,759 - INFO - SELECT internship.id, internship.company, internship.role, internship.location, internship.industry, internship.ai_label, internship.summary, internship.requirements, internship.salary, internship.deadline, internship.international_score, internship.logo_url, internship.url, internship.posted_date 
FROM internship 
WHERE internship.url = ?
2026-01-27 20:38:55,759 - INFO - [cached since 0.02403s ago] ('https://jobs.smartrecruiters.com/Sandisk/744000104527305?utm_source=Simplify&ref=Simplify',)
2026-01-27 20:38:55,759 - INFO - SELECT internship.id, internship.company, internship.role, internship.location, internship.industry, internship.ai_label, internship.summary, internship.requirements, internship.salary, internship.deadline, internship.international_score, internship.logo_url, internship.url, internship.posted_date 
FROM internship 
WHERE internship.url = ?
2026-01-27 20:38:55,759 - INFO - [cached since 0.02427s ago] ('https://fa-evmr-saasfaprod1.fa.ocs.oraclecloud.com/hcmUI/CandidateExperience/en/sites/CX_1/job/28902?utm_source=Simplify&ref=Simplify',)
2026-01-27 20:38:55,760 - INFO - SELECT internship.id, internship.company, internship.role, internship.location, internship.industry, internship.ai_label, internship.summary, internship.requirements, internship.salary, internship.deadline, internship.international_score, internship.logo_url, internship.url, internship.posted_date 
FROM internship 
WHERE internship.url = ?
2026-01-27 20:38:55,760 - INFO - [cached since 0.02447s ago] ('https://kcura.wd1.myworkdayjobs.com/en-US/External_Career_Site/job/Illinois/Software-Engineering-Intern---Data-Breach-Response_26-0028?utm_source=Simplify&ref=Simplify',)
2026-01-27 20:38:55,760 - INFO - SELECT internship.id, internship.company, internship.role, internship.location, internship.industry, internship.ai_label, internship.summary, internship.requirements, internship.salary, internship.deadline, internship.international_score, internship.logo_url, internship.url, internship.posted_date 
FROM internship 
WHERE internship.url = ?
2026-01-27 20:38:55,760 - INFO - [cached since 0.0247s ago] ('https://td.wd3.myworkdayjobs.com/TD_Bank_Careers/job/Toronto-Ontario/Software-Engineer-Intern-Co-op_R_1467905?utm_source=Simplify&ref=Simplify',)
2026-01-27 20:38:55,760 - INFO - SELECT internship.id, internship.company, internship.role, internship.location, internship.industry, internship.ai_label, internship.summary, internship.requirements, internship.salary, internship.deadline, internship.international_score, internship.logo_url, internship.url, internship.posted_date 
FROM internship 
WHERE internship.url = ?
2026-01-27 20:38:55,760 - INFO - [cached since 0.02488s ago] ('https://fa-evmr-saasfaprod1.fa.ocs.oraclecloud.com/hcmUI/CandidateExperience/en/sites/CX_1/job/28739?utm_source=Simplify&ref=Simplify',)
2026-01-27 20:38:55,760 - INFO - SELECT internship.id, internship.company, internship.role, internship.location, internship.industry, internship.ai_label, internship.summary, internship.requirements, internship.salary, internship.deadline, internship.international_score, internship.logo_url, internship.url, internship.posted_date 
FROM internship 
WHERE internship.url = ?
2026-01-27 20:38:55,760 - INFO - [cached since 0.02505s ago] ('https://bmo.wd3.myworkdayjobs.com/External/job/Calgary-AB-CAN/Software-Developer--Summer-2026--Co-op-Internship----4-months_R260002014-3?utm_source=Simplify&ref=Simplify',)
2026-01-27 20:38:55,760 - INFO - SELECT internship.id, internship.company, internship.role, internship.location, internship.industry, internship.ai_label, internship.summary, internship.requirements, internship.salary, internship.deadline, internship.international_score, internship.logo_url, internship.url, internship.posted_date 
FROM internship 
WHERE internship.url = ?
2026-01-27 20:38:55,760 - INFO - [cached since 0.02523s ago] ('https://job-boards.greenhouse.io/clear/jobs/7546221?utm_source=Simplify&ref=Simplify',)
2026-01-27 20:38:55,761 - INFO - SELECT internship.id, internship.company, internship.role, internship.location, internship.industry, internship.ai_label, internship.summary, internship.requirements, internship.salary, internship.deadline, internship.international_score, internship.logo_url, internship.url, internship.posted_date 
FROM internship 
WHERE internship.url = ?
2026-01-27 20:38:55,761 - INFO - [cached since 0.02543s ago] ('https://boomi.com/boomi-jobs/?gh_jid=5764486004&utm_source=Simplify&ref=Simplify',)
2026-01-27 20:38:55,761 - INFO - SELECT internship.id, internship.company, internship.role, internship.location, internship.industry, internship.ai_label, internship.summary, internship.requirements, internship.salary, internship.deadline, internship.international_score, internship.logo_url, internship.url, internship.posted_date 
FROM internship 
WHERE internship.url = ?
2026-01-27 20:38:55,761 - INFO - [cached since 0.02561s ago] ('https://philips.wd3.myworkdayjobs.com/jobs-and-careers/job/Cambridge-US-Massachusetts-United-States/Intern---Full-Stack-Developer--Genome-Informatics---Cambridge--MA---Summer-2026_572285?utm_source=Simplify&ref=Simplify',)
2026-01-27 20:38:55,761 - INFO - SELECT internship.id, internship.company, internship.role, internship.location, internship.industry, internship.ai_label, internship.summary, internship.requirements, internship.salary, internship.deadline, internship.international_score, internship.logo_url, internship.url, internship.posted_date 
FROM internship 
WHERE internship.url = ?
2026-01-27 20:38:55,761 - INFO - [cached since 0.0258s ago] ('https://jobs.lever.co/wealthsimple/6d809709-f7e2-410c-b186-869ebc960994/apply?utm_source=Simplify&ref=Simplify',)
2026-01-27 20:38:55,761 - INFO - SELECT internship.id, internship.company, internship.role, internship.location, internship.industry, internship.ai_label, internship.summary, internship.requirements, internship.salary, internship.deadline, internship.international_score, internship.logo_url, internship.url, internship.posted_date 
FROM internship 
WHERE internship.url = ?
2026-01-27 20:38:55,761 - INFO - [cached since 0.02598s ago] ('https://lifeattiktok.com/search/7595344466313529653?utm_source=Simplify&ref=Simplify',)
2026-01-27 20:38:55,761 - INFO - SELECT internship.id, internship.company, internship.role, internship.location, internship.industry, internship.ai_label, internship.summary, internship.requirements, internship.salary, internship.deadline, internship.international_score, internship.logo_url, internship.url, internship.posted_date 
FROM internship 
WHERE internship.url = ?
2026-01-27 20:38:55,761 - INFO - [cached since 0.02617s ago] ('https://job-boards.greenhouse.io/verkada/jobs/5024322007?utm_source=Simplify&ref=Simplify',)
2026-01-27 20:38:55,762 - INFO - SELECT internship.id, internship.company, internship.role, internship.location, internship.industry, internship.ai_label, internship.summary, internship.requirements, internship.salary, internship.deadline, internship.international_score, internship.logo_url, internship.url, internship.posted_date 
FROM internship 
WHERE internship.url = ?
2026-01-27 20:38:55,762 - INFO - [cached since 0.02634s ago] ('https://job-boards.greenhouse.io/verkada/jobs/5026094007?utm_source=Simplify&ref=Simplify',)
2026-01-27 20:38:55,762 - INFO - SELECT internship.id, internship.company, internship.role, internship.location, internship.industry, internship.ai_label, internship.summary, internship.requirements, internship.salary, internship.deadline, internship.international_score, internship.logo_url, internship.url, internship.posted_date 
FROM internship 
WHERE internship.url = ?
2026-01-27 20:38:55,762 - INFO - [cached since 0.02652s ago] ('https://lifeattiktok.com/search/7595733632086591797?utm_source=Simplify&ref=Simplify',)
2026-01-27 20:38:55,762 - INFO - SELECT internship.id, internship.company, internship.role, internship.location, internship.industry, internship.ai_label, internship.summary, internship.requirements, internship.salary, internship.deadline, internship.international_score, internship.logo_url, internship.url, internship.posted_date 
FROM internship 
WHERE internship.url = ?
2026-01-27 20:38:55,762 - INFO - [cached since 0.02718s ago] ('https://kbr.wd5.myworkdayjobs.com/KBR_Careers/job/Sioux-Falls-South-Dakota/Software-Engineer-Intern_R2117627?utm_source=Simplify&ref=Simplify',)
2026-01-27 20:38:55,763 - INFO - SELECT internship.id, internship.company, internship.role, internship.location, internship.industry, internship.ai_label, internship.summary, internship.requirements, internship.salary, internship.deadline, internship.international_score, internship.logo_url, internship.url, internship.posted_date 
FROM internship 
WHERE internship.url = ?
2026-01-27 20:38:55,763 - INFO - [cached since 0.02746s ago] ('https://massanf.taleo.net/careersection/ex/jobdetail.ftl?job=260000AH&utm_source=Simplify&ref=Simplify',)
2026-01-27 20:38:55,763 - INFO - SELECT internship.id, internship.company, internship.role, internship.location, internship.industry, internship.ai_label, internship.summary, internship.requirements, internship.salary, internship.deadline, internship.international_score, internship.logo_url, internship.url, internship.posted_date 
FROM internship 
WHERE internship.url = ?
2026-01-27 20:38:55,763 - INFO - [cached since 0.02768s ago] ('https://massanf.taleo.net/careersection/ex/jobdetail.ftl?job=260000AB&utm_source=Simplify&ref=Simplify',)
2026-01-27 20:38:55,763 - INFO - SELECT internship.id, internship.company, internship.role, internship.location, internship.industry, internship.ai_label, internship.summary, internship.requirements, internship.salary, internship.deadline, internship.international_score, internship.logo_url, internship.url, internship.posted_date 
FROM internship 
WHERE internship.url = ?
2026-01-27 20:38:55,763 - INFO - [cached since 0.02789s ago] ('https://jobs.lever.co/waabi/9873fd9d-285f-4bf5-ac74-f69547615bc9/apply?utm_source=Simplify&ref=Simplify',)
2026-01-27 20:38:55,763 - INFO - SELECT internship.id, internship.company, internship.role, internship.location, internship.industry, internship.ai_label, internship.summary, internship.requirements, internship.salary, internship.deadline, internship.international_score, internship.logo_url, internship.url, internship.posted_date 
FROM internship 
WHERE internship.url = ?
2026-01-27 20:38:55,763 - INFO - [cached since 0.02811s ago] ('https://job-boards.greenhouse.io/auctane/jobs/7485087003?utm_source=Simplify&ref=Simplify',)
2026-01-27 20:38:55,764 - INFO - SELECT internship.id, internship.company, internship.role, internship.location, internship.industry, internship.ai_label, internship.summary, internship.requirements, internship.salary, internship.deadline, internship.international_score, internship.logo_url, internship.url, internship.posted_date 
FROM internship 
WHERE internship.url = ?
2026-01-27 20:38:55,764 - INFO - [cached since 0.02848s ago] ('https://uline.wd1.myworkdayjobs.com/en-US/Uline_Careers/job/Pleasant-Prairie-WI/Software-Developer-Internship---Summer-2026_R260582?utm_source=Simplify&ref=Simplify',)
2026-01-27 20:38:55,764 - INFO - SELECT internship.id, internship.company, internship.role, internship.location, internship.industry, internship.ai_label, internship.summary, internship.requirements, internship.salary, internship.deadline, internship.international_score, internship.logo_url, internship.url, internship.posted_date 
FROM internship 
WHERE internship.url = ?
2026-01-27 20:38:55,764 - INFO - [cached since 0.02876s ago] ('https://bci.wd10.myworkdayjobs.com/BCI_Careers/job/Victoria-BC/Enterprise-Solutions--Software-Engineer-Co-op-Internship--Summer-and-or-Fall-2026-_JR101373?utm_source=Simplify&ref=Simplify',)
2026-01-27 20:38:55,764 - INFO - SELECT internship.id, internship.company, internship.role, internship.location, internship.industry, internship.ai_label, internship.summary, internship.requirements, internship.salary, internship.deadline, internship.international_score, internship.logo_url, internship.url, internship.posted_date 
FROM internship 
WHERE internship.url = ?
2026-01-27 20:38:55,764 - INFO - [cached since 0.02896s ago] ('https://bci.wd10.myworkdayjobs.com/BCI_Careers/job/Victoria-BC/Software-Engineering--MIITS--Co-op-Internship--Summer---Fall-2026-_JR101364?utm_source=Simplify&ref=Simplify',)
2026-01-27 20:38:55,764 - INFO - SELECT internship.id, internship.company, internship.role, internship.location, internship.industry, internship.ai_label, internship.summary, internship.requirements, internship.salary, internship.deadline, internship.international_score, internship.logo_url, internship.url, internship.posted_date 
FROM internship 
WHERE internship.url = ?
2026-01-27 20:38:55,764 - INFO - [cached since 0.02917s ago] ('https://lifeattiktok.com/search/7572665884037826869?utm_source=Simplify&ref=Simplify',)
2026-01-27 20:38:55,765 - INFO - SELECT internship.id, internship.company, internship.role, internship.location, internship.industry, internship.ai_label, internship.summary, internship.requirements, internship.salary, internship.deadline, internship.international_score, internship.logo_url, internship.url, internship.posted_date 
FROM internship 
WHERE internship.url = ?
2026-01-27 20:38:55,765 - INFO - [cached since 0.0294s ago] ('https://lifeattiktok.com/search/7536042624604997896?utm_source=Simplify&ref=Simplify',)
2026-01-27 20:38:55,765 - INFO - SELECT internship.id, internship.company, internship.role, internship.location, internship.industry, internship.ai_label, internship.summary, internship.requirements, internship.salary, internship.deadline, internship.international_score, internship.logo_url, internship.url, internship.posted_date 
FROM internship 
WHERE internship.url = ?
2026-01-27 20:38:55,765 - INFO - [cached since 0.02968s ago] ('https://lifeattiktok.com/search/7595305817516165381?utm_source=Simplify&ref=Simplify',)
2026-01-27 20:38:55,765 - INFO - SELECT internship.id, internship.company, internship.role, internship.location, internship.industry, internship.ai_label, internship.summary, internship.requirements, internship.salary, internship.deadline, internship.international_score, internship.logo_url, internship.url, internship.posted_date 
FROM internship 
WHERE internship.url = ?
2026-01-27 20:38:55,765 - INFO - [cached since 0.02994s ago] ('https://lifeattiktok.com/search/7595306554946193717?utm_source=Simplify&ref=Simplify',)
2026-01-27 20:38:55,765 - INFO - SELECT internship.id, internship.company, internship.role, internship.location, internship.industry, internship.ai_label, internship.summary, internship.requirements, internship.salary, internship.deadline, internship.international_score, internship.logo_url, internship.url, internship.posted_date 
FROM internship 
WHERE internship.url = ?
2026-01-27 20:38:55,765 - INFO - [cached since 0.03017s ago] ('https://jobs.lever.co/zoox/4770d734-9d08-4eae-abb5-6002495ca147/apply?utm_source=Simplify&ref=Simplify',)
2026-01-27 20:38:55,766 - INFO - SELECT internship.id, internship.company, internship.role, internship.location, internship.industry, internship.ai_label, internship.summary, internship.requirements, internship.salary, internship.deadline, internship.international_score, internship.logo_url, internship.url, internship.posted_date 
FROM internship 
WHERE internship.url = ?
2026-01-27 20:38:55,766 - INFO - [cached since 0.03038s ago] ('https://job-boards.greenhouse.io/samsungresearchamericainternship/jobs/8356208002?utm_source=Simplify&ref=Simplify',)
2026-01-27 20:38:55,766 - INFO - SELECT internship.id, internship.company, internship.role, internship.location, internship.industry, internship.ai_label, internship.summary, internship.requirements, internship.salary, internship.deadline, internship.international_score, internship.logo_url, internship.url, internship.posted_date 
FROM internship 
WHERE internship.url = ?
2026-01-27 20:38:55,766 - INFO - [cached since 0.0306s ago] ('https://job-boards.greenhouse.io/obsidiansecurity/jobs/4788725008?utm_source=Simplify&ref=Simplify',)
2026-01-27 20:38:55,766 - INFO - SELECT internship.id, internship.company, internship.role, internship.location, internship.industry, internship.ai_label, internship.summary, internship.requirements, internship.salary, internship.deadline, internship.international_score, internship.logo_url, internship.url, internship.posted_date 
FROM internship 
WHERE internship.url = ?
2026-01-27 20:38:55,766 - INFO - [cached since 0.0308s ago] ('https://cox.wd1.myworkdayjobs.com/Cox_External_Career_Site_1/job/Draper-UT/Software-Engineering-Intern--Draper--UT---Summer-2026_R202671816?utm_source=Simplify&ref=Simplify',)
2026-01-27 20:38:55,766 - INFO - SELECT internship.id, internship.company, internship.role, internship.location, internship.industry, internship.ai_label, internship.summary, internship.requirements, internship.salary, internship.deadline, internship.international_score, internship.logo_url, internship.url, internship.posted_date 
FROM internship 
WHERE internship.url = ?
2026-01-27 20:38:55,766 - INFO - [cached since 0.03102s ago] ('https://parsons.wd5.myworkdayjobs.com/en-US/search/job/US---CO-Westminster/Software-Development-Intern---Summer-2026_R176219-2?utm_source=Simplify&ref=Simplify',)
2026-01-27 20:38:55,766 - INFO - SELECT internship.id, internship.company, internship.role, internship.location, internship.industry, internship.ai_label, internship.summary, internship.requirements, internship.salary, internship.deadline, internship.international_score, internship.logo_url, internship.url, internship.posted_date 
FROM internship 
WHERE internship.url = ?
2026-01-27 20:38:55,766 - INFO - [cached since 0.03122s ago] ('https://amazon.jobs/en/jobs/3137751/cloud-support-engineer-internship-2026-us?utm_source=Simplify&ref=Simplify',)
2026-01-27 20:38:55,767 - INFO - SELECT internship.id, internship.company, internship.role, internship.location, internship.industry, internship.ai_label, internship.summary, internship.requirements, internship.salary, internship.deadline, internship.international_score, internship.logo_url, internship.url, internship.posted_date 
FROM internship 
WHERE internship.url = ?
2026-01-27 20:38:55,767 - INFO - [cached since 0.03142s ago] ('https://tmobile.wd1.myworkdayjobs.com/External/job/Atlanta-Georgia/Summer-2026-Software-Engineering-Internship_REQ341139?utm_source=Simplify&ref=Simplify',)
2026-01-27 20:38:55,767 - INFO - SELECT internship.id, internship.company, internship.role, internship.location, internship.industry, internship.ai_label, internship.summary, internship.requirements, internship.salary, internship.deadline, internship.international_score, internship.logo_url, internship.url, internship.posted_date 
FROM internship 
WHERE internship.url = ?
2026-01-27 20:38:55,767 - INFO - [cached since 0.03161s ago] ('https://pru.wd5.myworkdayjobs.com/Careers/job/Newark-NJ-USA/PGIM--2026-Quantitative-Solutions--Investment-Technology-Summer-Associate-Internship--MBA-Masters-_R-122963-1?utm_source=Simplify&ref=Simplify',)
2026-01-27 20:38:55,767 - INFO - SELECT internship.id, internship.company, internship.role, internship.location, internship.industry, internship.ai_label, internship.summary, internship.requirements, internship.salary, internship.deadline, internship.international_score, internship.logo_url, internship.url, internship.posted_date 
FROM internship 
WHERE internship.url = ?
2026-01-27 20:38:55,767 - INFO - [cached since 0.0318s ago] ('https://cadence.wd1.myworkdayjobs.com/University_Talent_Intern/job/SAN-JOSE/Software-Engineer-Intern--Compilers----Summer-2026_R52507-2?utm_source=Simplify&ref=Simplify',)
2026-01-27 20:38:55,767 - INFO - SELECT internship.id, internship.company, internship.role, internship.location, internship.industry, internship.ai_label, internship.summary, internship.requirements, internship.salary, internship.deadline, internship.international_score, internship.logo_url, internship.url, internship.posted_date 
FROM internship 
WHERE internship.url = ?
2026-01-27 20:38:55,767 - INFO - [cached since 0.032s ago] ('https://cadence.wd1.myworkdayjobs.com/University_Talent/job/SAN-JOSE/Software-Engineer-Intern--Compilers----Summer-2026_R52507-3?utm_source=Simplify&ref=Simplify',)
2026-01-27 20:38:55,767 - INFO - SELECT internship.id, internship.company, internship.role, internship.location, internship.industry, internship.ai_label, internship.summary, internship.requirements, internship.salary, internship.deadline, internship.international_score, internship.logo_url, internship.url, internship.posted_date 
FROM internship 
WHERE internship.url = ?
2026-01-27 20:38:55,767 - INFO - [cached since 0.03219s ago] ('https://tmobile.wd1.myworkdayjobs.com/External/job/Atlanta-Georgia/Summer-2026-Software-Engineering-Internship_REQ341146?utm_source=Simplify&ref=Simplify',)
2026-01-27 20:38:55,768 - INFO - SELECT internship.id, internship.company, internship.role, internship.location, internship.industry, internship.ai_label, internship.summary, internship.requirements, internship.salary, internship.deadline, internship.international_score, internship.logo_url, internship.url, internship.posted_date 
FROM internship 
WHERE internship.url = ?
2026-01-27 20:38:55,768 - INFO - [cached since 0.03247s ago] ('https://job-boards.greenhouse.io/astranis/jobs/4643730006?utm_source=Simplify&ref=Simplify',)
2026-01-27 20:38:55,768 - INFO - SELECT internship.id, internship.company, internship.role, internship.location, internship.industry, internship.ai_label, internship.summary, internship.requirements, internship.salary, internship.deadline, internship.international_score, internship.logo_url, internship.url, internship.posted_date 
FROM internship 
WHERE internship.url = ?
2026-01-27 20:38:55,768 - INFO - [cached since 0.03271s ago] ('https://jobs.lever.co/veeva/4df9c2ca-d702-4d41-af82-290deff66564/apply?utm_source=Simplify&ref=Simplify',)
2026-01-27 20:38:55,768 - INFO - SELECT internship.id, internship.company, internship.role, internship.location, internship.industry, internship.ai_label, internship.summary, internship.requirements, internship.salary, internship.deadline, internship.international_score, internship.logo_url, internship.url, internship.posted_date 
FROM internship 
WHERE internship.url = ?
2026-01-27 20:38:55,768 - INFO - [cached since 0.03292s ago] ('https://www.exiger.com/careers/5751719004?gh_jid=5751719004&utm_source=Simplify&ref=Simplify',)
2026-01-27 20:38:55,768 - INFO - SELECT internship.id, internship.company, internship.role, internship.location, internship.industry, internship.ai_label, internship.summary, internship.requirements, internship.salary, internship.deadline, internship.international_score, internship.logo_url, internship.url, internship.posted_date 
FROM internship 
WHERE internship.url = ?
2026-01-27 20:38:55,768 - INFO - [cached since 0.03322s ago] ('https://careers-lmi.icims.com/jobs/13506/job?mobile=true&needsRedirect=false&utm_source=Simplify&ref=Simplify',)
2026-01-27 20:38:55,769 - INFO - SELECT internship.id, internship.company, internship.role, internship.location, internship.industry, internship.ai_label, internship.summary, internship.requirements, internship.salary, internship.deadline, internship.international_score, internship.logo_url, internship.url, internship.posted_date 
FROM internship 
WHERE internship.url = ?
2026-01-27 20:38:55,769 - INFO - [cached since 0.03358s ago] ('https://ats.rippling.com/tive-careers/jobs/e7ed0c47-bf2e-4105-a793-e48dc0e0f710?utm_source=Simplify&ref=Simplify',)
2026-01-27 20:38:55,769 - INFO - SELECT internship.id, internship.company, internship.role, internship.location, internship.industry, internship.ai_label, internship.summary, internship.requirements, internship.salary, internship.deadline, internship.international_score, internship.logo_url, internship.url, internship.posted_date 
FROM internship 
WHERE internship.url = ?
2026-01-27 20:38:55,769 - INFO - [cached since 0.0338s ago] ('https://jobs.ashbyhq.com/mach9/c6a9ab04-d9ba-4b09-9d2e-1f0e2441e580/application?utm_source=Simplify&ref=Simplify',)
2026-01-27 20:38:55,769 - INFO - SELECT internship.id, internship.company, internship.role, internship.location, internship.industry, internship.ai_label, internship.summary, internship.requirements, internship.salary, internship.deadline, internship.international_score, internship.logo_url, internship.url, internship.posted_date 
FROM internship 
WHERE internship.url = ?
2026-01-27 20:38:55,769 - INFO - [cached since 0.034s ago] ('https://wellsky.wd1.myworkdayjobs.com/WellSkyCareers/job/Overland-Park-KS/Software-Engineer-Intern---Summer-2026_JR4297?utm_source=Simplify&ref=Simplify',)
2026-01-27 20:38:55,769 - INFO - SELECT internship.id, internship.company, internship.role, internship.location, internship.industry, internship.ai_label, internship.summary, internship.requirements, internship.salary, internship.deadline, internship.international_score, internship.logo_url, internship.url, internship.posted_date 
FROM internship 
WHERE internship.url = ?
2026-01-27 20:38:55,769 - INFO - [cached since 0.03419s ago] ('https://tmobile.wd1.myworkdayjobs.com/External/job/Atlanta-Georgia/Summer-2026-Software-Engineering-Internship_REQ341141?utm_source=Simplify&ref=Simplify',)
2026-01-27 20:38:55,770 - INFO - SELECT internship.id, internship.company, internship.role, internship.location, internship.industry, internship.ai_label, internship.summary, internship.requirements, internship.salary, internship.deadline, internship.international_score, internship.logo_url, internship.url, internship.posted_date 
FROM internship 
WHERE internship.url = ?
2026-01-27 20:38:55,770 - INFO - [cached since 0.03438s ago] ('https://job-boards.greenhouse.io/systemstechnologyresearch/jobs/4643134006?utm_source=Simplify&ref=Simplify',)
2026-01-27 20:38:55,770 - INFO - SELECT internship.id, internship.company, internship.role, internship.location, internship.industry, internship.ai_label, internship.summary, internship.requirements, internship.salary, internship.deadline, internship.international_score, internship.logo_url, internship.url, internship.posted_date 
FROM internship 
WHERE internship.url = ?
2026-01-27 20:38:55,770 - INFO - [cached since 0.03457s ago] ('https://micron.wd1.myworkdayjobs.com/External/job/Boise-ID---Main-Site/Intern---IT-Software-Engineer--EA-EPS_JR88322?utm_source=Simplify&ref=Simplify',)
2026-01-27 20:38:55,770 - INFO - SELECT internship.id, internship.company, internship.role, internship.location, internship.industry, internship.ai_label, internship.summary, internship.requirements, internship.salary, internship.deadline, internship.international_score, internship.logo_url, internship.url, internship.posted_date 
FROM internship 
WHERE internship.url = ?
2026-01-27 20:38:55,770 - INFO - [cached since 0.03477s ago] ('https://walmart.wd5.myworkdayjobs.com/WalmartExternal/job/Bentonville-AR/XMLNAME-2026-Summer-Intern--Software-Engineering-II--Bentonville-_R-2354856?utm_source=Simplify&ref=Simplify',)
2026-01-27 20:38:55,770 - INFO - SELECT internship.id, internship.company, internship.role, internship.location, internship.industry, internship.ai_label, internship.summary, internship.requirements, internship.salary, internship.deadline, internship.international_score, internship.logo_url, internship.url, internship.posted_date 
FROM internship 
WHERE internship.url = ?
2026-01-27 20:38:55,770 - INFO - [cached since 0.03496s ago] ('https://factset.wd108.myworkdayjobs.com/FactSetCareers/job/London-GBR/Engineering-Internship--London---Summer-2026_R29473?utm_source=Simplify&ref=Simplify',)
2026-01-27 20:38:55,770 - INFO - SELECT internship.id, internship.company, internship.role, internship.location, internship.industry, internship.ai_label, internship.summary, internship.requirements, internship.salary, internship.deadline, internship.international_score, internship.logo_url, internship.url, internship.posted_date 
FROM internship 
WHERE internship.url = ?
2026-01-27 20:38:55,770 - INFO - [cached since 0.03515s ago] ('https://boards.greenhouse.io/embed/job_app?token=7392439&utm_source=Simplify&ref=Simplify',)
2026-01-27 20:38:55,771 - INFO - SELECT internship.id, internship.company, internship.role, internship.location, internship.industry, internship.ai_label, internship.summary, internship.requirements, internship.salary, internship.deadline, internship.international_score, internship.logo_url, internship.url, internship.posted_date 
FROM internship 
WHERE internship.url = ?
2026-01-27 20:38:55,771 - INFO - [cached since 0.03534s ago] ('https://qualcomm.eightfold.ai/careers/job/446716147642?utm_source=Simplify&ref=Simplify',)
2026-01-27 20:38:55,771 - INFO - SELECT internship.id, internship.company, internship.role, internship.location, internship.industry, internship.ai_label, internship.summary, internship.requirements, internship.salary, internship.deadline, internship.international_score, internship.logo_url, internship.url, internship.posted_date 
FROM internship 
WHERE internship.url = ?
2026-01-27 20:38:55,771 - INFO - [cached since 0.03553s ago] ('https://job-boards.greenhouse.io/internshiplist2000/jobs/5013947008?utm_source=Simplify&ref=Simplify',)
2026-01-27 20:38:55,771 - INFO - SELECT internship.id, internship.company, internship.role, internship.location, internship.industry, internship.ai_label, internship.summary, internship.requirements, internship.salary, internship.deadline, internship.international_score, internship.logo_url, internship.url, internship.posted_date 
FROM internship 
WHERE internship.url = ?
2026-01-27 20:38:55,771 - INFO - [cached since 0.03572s ago] ('https://qtsdatacenters.wd5.myworkdayjobs.com/qts/job/Suwanee-GA/Summer-2026-Internship--Software-Engineering--Automation-Tool-Design-and-or-Software-Project-Management_R2026-0025?utm_source=Simplify&ref=Simplify',)
2026-01-27 20:38:55,771 - INFO - SELECT internship.id, internship.company, internship.role, internship.location, internship.industry, internship.ai_label, internship.summary, internship.requirements, internship.salary, internship.deadline, internship.international_score, internship.logo_url, internship.url, internship.posted_date 
FROM internship 
WHERE internship.url = ?
2026-01-27 20:38:55,771 - INFO - [cached since 0.03592s ago] ('https://jobs.ashbyhq.com/cobot/86933504-7a8f-46d1-a745-edfe53c47427/application?utm_source=Simplify&ref=Simplify',)
2026-01-27 20:38:55,771 - INFO - SELECT internship.id, internship.company, internship.role, internship.location, internship.industry, internship.ai_label, internship.summary, internship.requirements, internship.salary, internship.deadline, internship.international_score, internship.logo_url, internship.url, internship.posted_date 
FROM internship 
WHERE internship.url = ?
2026-01-27 20:38:55,771 - INFO - [cached since 0.0361s ago] ('https://job-boards.greenhouse.io/internshiplist2000/jobs/5014088008?utm_source=Simplify&ref=Simplify',)
2026-01-27 20:38:55,771 - INFO - SELECT internship.id, internship.company, internship.role, internship.location, internship.industry, internship.ai_label, internship.summary, internship.requirements, internship.salary, internship.deadline, internship.international_score, internship.logo_url, internship.url, internship.posted_date 
FROM internship 
WHERE internship.url = ?
2026-01-27 20:38:55,771 - INFO - [cached since 0.03628s ago] ('https://job-boards.greenhouse.io/nex/jobs/5057399008?utm_source=Simplify&ref=Simplify',)
2026-01-27 20:38:55,772 - INFO - SELECT internship.id, internship.company, internship.role, internship.location, internship.industry, internship.ai_label, internship.summary, internship.requirements, internship.salary, internship.deadline, internship.international_score, internship.logo_url, internship.url, internship.posted_date 
FROM internship 
WHERE internship.url = ?
2026-01-27 20:38:55,772 - INFO - [cached since 0.03646s ago] ('https://careers-peraton.icims.com/jobs/162553/job?mobile=true&needsRedirect=false&utm_source=Simplify&ref=Simplify',)
2026-01-27 20:38:55,772 - INFO - SELECT internship.id, internship.company, internship.role, internship.location, internship.industry, internship.ai_label, internship.summary, internship.requirements, internship.salary, internship.deadline, internship.international_score, internship.logo_url, internship.url, internship.posted_date 
FROM internship 
WHERE internship.url = ?
2026-01-27 20:38:55,772 - INFO - [cached since 0.03665s ago] ('https://tmobile.wd1.myworkdayjobs.com/External/job/Atlanta-Georgia/Summer-2026-Software-Engineering-Internship_REQ341142?utm_source=Simplify&ref=Simplify',)
2026-01-27 20:38:55,772 - INFO - SELECT internship.id, internship.company, internship.role, internship.location, internship.industry, internship.ai_label, internship.summary, internship.requirements, internship.salary, internship.deadline, internship.international_score, internship.logo_url, internship.url, internship.posted_date 
FROM internship 
WHERE internship.url = ?
2026-01-27 20:38:55,772 - INFO - [cached since 0.03683s ago] ('https://gaig.wd1.myworkdayjobs.com/GAIG_External/job/Cincinnati-OH-USA/Application-Paired-Programming-Developer-Claims-Lab-Intern_R8238-1?utm_source=Simplify&ref=Simplify',)
2026-01-27 20:38:55,772 - INFO - SELECT internship.id, internship.company, internship.role, internship.location, internship.industry, internship.ai_label, internship.summary, internship.requirements, internship.salary, internship.deadline, internship.international_score, internship.logo_url, internship.url, internship.posted_date 
FROM internship 
WHERE internship.url = ?
2026-01-27 20:38:55,772 - INFO - [cached since 0.03702s ago] ('https://egcu.fa.us6.oraclecloud.com/hcmUI/CandidateExperience/en/sites/CX/job/3588?utm_source=Simplify&ref=Simplify',)
2026-01-27 20:38:55,772 - INFO - SELECT internship.id, internship.company, internship.role, internship.location, internship.industry, internship.ai_label, internship.summary, internship.requirements, internship.salary, internship.deadline, internship.international_score, internship.logo_url, internship.url, internship.posted_date 
FROM internship 
WHERE internship.url = ?
2026-01-27 20:38:55,772 - INFO - [cached since 0.03724s ago] ('https://fa-evmr-saasfaprod1.fa.ocs.oraclecloud.com/hcmUI/CandidateExperience/en/sites/CX_1/job/28665?utm_source=Simplify&ref=Simplify',)
2026-01-27 20:38:55,773 - INFO - SELECT internship.id, internship.company, internship.role, internship.location, internship.industry, internship.ai_label, internship.summary, internship.requirements, internship.salary, internship.deadline, internship.international_score, internship.logo_url, internship.url, internship.posted_date 
FROM internship 
WHERE internship.url = ?
2026-01-27 20:38:55,773 - INFO - [cached since 0.03755s ago] ('https://fa-evmr-saasfaprod1.fa.ocs.oraclecloud.com/hcmUI/CandidateExperience/en/sites/CX_1/job/28667?utm_source=Simplify&ref=Simplify',)
2026-01-27 20:38:55,773 - INFO - SELECT internship.id, internship.company, internship.role, internship.location, internship.industry, internship.ai_label, internship.summary, internship.requirements, internship.salary, internship.deadline, internship.international_score, internship.logo_url, internship.url, internship.posted_date 
FROM internship 
WHERE internship.url = ?
2026-01-27 20:38:55,773 - INFO - [cached since 0.03778s ago] ('https://autostore.wd3.myworkdayjobs.com/autostore/job/Denver-USA/Software-Engineering-Intern_JR102345?utm_source=Simplify&ref=Simplify',)
2026-01-27 20:38:55,773 - INFO - SELECT internship.id, internship.company, internship.role, internship.location, internship.industry, internship.ai_label, internship.summary, internship.requirements, internship.salary, internship.deadline, internship.international_score, internship.logo_url, internship.url, internship.posted_date 
FROM internship 
WHERE internship.url = ?
2026-01-27 20:38:55,773 - INFO - [cached since 0.03798s ago] ('https://fa-evmr-saasfaprod1.fa.ocs.oraclecloud.com/hcmUI/CandidateExperience/en/sites/CX_1/job/29678?utm_source=Simplify&ref=Simplify',)
2026-01-27 20:38:55,773 - INFO - SELECT internship.id, internship.company, internship.role, internship.location, internship.industry, internship.ai_label, internship.summary, internship.requirements, internship.salary, internship.deadline, internship.international_score, internship.logo_url, internship.url, internship.posted_date 
FROM internship 
WHERE internship.url = ?
2026-01-27 20:38:55,773 - INFO - [cached since 0.03817s ago] ('https://fa-evmr-saasfaprod1.fa.ocs.oraclecloud.com/hcmUI/CandidateExperience/en/sites/CX_1/job/29849?utm_source=Simplify&ref=Simplify',)
2026-01-27 20:38:55,774 - INFO - SELECT internship.id, internship.company, internship.role, internship.location, internship.industry, internship.ai_label, internship.summary, internship.requirements, internship.salary, internship.deadline, internship.international_score, internship.logo_url, internship.url, internship.posted_date 
FROM internship 
WHERE internship.url = ?
2026-01-27 20:38:55,774 - INFO - [cached since 0.03836s ago] ('https://fa-evmr-saasfaprod1.fa.ocs.oraclecloud.com/hcmUI/CandidateExperience/en/sites/CX_1/job/29680?utm_source=Simplify&ref=Simplify',)
2026-01-27 20:38:55,774 - INFO - SELECT internship.id, internship.company, internship.role, internship.location, internship.industry, internship.ai_label, internship.summary, internship.requirements, internship.salary, internship.deadline, internship.international_score, internship.logo_url, internship.url, internship.posted_date 
FROM internship 
WHERE internship.url = ?
2026-01-27 20:38:55,774 - INFO - [cached since 0.03854s ago] ('https://fa-evmr-saasfaprod1.fa.ocs.oraclecloud.com/hcmUI/CandidateExperience/en/sites/CX_1/job/29857?utm_source=Simplify&ref=Simplify',)
2026-01-27 20:38:55,774 - INFO - SELECT internship.id, internship.company, internship.role, internship.location, internship.industry, internship.ai_label, internship.summary, internship.requirements, internship.salary, internship.deadline, internship.international_score, internship.logo_url, internship.url, internship.posted_date 
FROM internship 
WHERE internship.url = ?
2026-01-27 20:38:55,774 - INFO - [cached since 0.03872s ago] ('https://fa-evmr-saasfaprod1.fa.ocs.oraclecloud.com/hcmUI/CandidateExperience/en/sites/CX_1/job/29484?utm_source=Simplify&ref=Simplify',)
2026-01-27 20:38:55,774 - INFO - SELECT internship.id, internship.company, internship.role, internship.location, internship.industry, internship.ai_label, internship.summary, internship.requirements, internship.salary, internship.deadline, internship.international_score, internship.logo_url, internship.url, internship.posted_date 
FROM internship 
WHERE internship.url = ?
2026-01-27 20:38:55,774 - INFO - [cached since 0.03891s ago] ('https://fa-evmr-saasfaprod1.fa.ocs.oraclecloud.com/hcmUI/CandidateExperience/en/sites/CX_1/job/29510?utm_source=Simplify&ref=Simplify',)
2026-01-27 20:38:55,774 - INFO - SELECT internship.id, internship.company, internship.role, internship.location, internship.industry, internship.ai_label, internship.summary, internship.requirements, internship.salary, internship.deadline, internship.international_score, internship.logo_url, internship.url, internship.posted_date 
FROM internship 
WHERE internship.url = ?
2026-01-27 20:38:55,774 - INFO - [cached since 0.03909s ago] ('https://fa-evmr-saasfaprod1.fa.ocs.oraclecloud.com/hcmUI/CandidateExperience/en/sites/CX_1/job/29545?utm_source=Simplify&ref=Simplify',)
2026-01-27 20:38:55,774 - INFO - SELECT internship.id, internship.company, internship.role, internship.location, internship.industry, internship.ai_label, internship.summary, internship.requirements, internship.salary, internship.deadline, internship.international_score, internship.logo_url, internship.url, internship.posted_date 
FROM internship 
WHERE internship.url = ?
2026-01-27 20:38:55,774 - INFO - [cached since 0.03927s ago] ('https://fa-evmr-saasfaprod1.fa.ocs.oraclecloud.com/hcmUI/CandidateExperience/en/sites/CX_1/job/29323?utm_source=Simplify&ref=Simplify',)
2026-01-27 20:38:55,775 - INFO - SELECT internship.id, internship.company, internship.role, internship.location, internship.industry, internship.ai_label, internship.summary, internship.requirements, internship.salary, internship.deadline, internship.international_score, internship.logo_url, internship.url, internship.posted_date 
FROM internship 
WHERE internship.url = ?
2026-01-27 20:38:55,775 - INFO - [cached since 0.03947s ago] ('https://careers-lmi.icims.com/jobs/13492/job?mobile=true&needsRedirect=false&utm_source=Simplify&ref=Simplify',)
2026-01-27 20:38:55,775 - INFO - SELECT internship.id, internship.company, internship.role, internship.location, internship.industry, internship.ai_label, internship.summary, internship.requirements, internship.salary, internship.deadline, internship.international_score, internship.logo_url, internship.url, internship.posted_date 
FROM internship 
WHERE internship.url = ?
2026-01-27 20:38:55,775 - INFO - [cached since 0.03966s ago] ('https://knitwellgroup.wd1.myworkdayjobs.com/US_Corporate_Jobs/job/Corporate-ascena--Remote/Commerce-Platform-Intern---Summer-2026_R-2019957?utm_source=Simplify&ref=Simplify',)
2026-01-27 20:38:55,775 - INFO - SELECT internship.id, internship.company, internship.role, internship.location, internship.industry, internship.ai_label, internship.summary, internship.requirements, internship.salary, internship.deadline, internship.international_score, internship.logo_url, internship.url, internship.posted_date 
FROM internship 
WHERE internship.url = ?
2026-01-27 20:38:55,775 - INFO - [cached since 0.03985s ago] ('https://plugpower.wd5.myworkdayjobs.com/Plug_Power_Inc/job/Albany-NY/Software-Engineer-Intern_R6747?utm_source=Simplify&ref=Simplify',)
2026-01-27 20:38:55,775 - INFO - SELECT internship.id, internship.company, internship.role, internship.location, internship.industry, internship.ai_label, internship.summary, internship.requirements, internship.salary, internship.deadline, internship.international_score, internship.logo_url, internship.url, internship.posted_date 
FROM internship 
WHERE internship.url = ?
2026-01-27 20:38:55,775 - INFO - [cached since 0.04003s ago] ('https://www.fastly.com/about/jobs/apply?gh_jid=7512114&utm_source=Simplify&ref=Simplify',)
2026-01-27 20:38:55,775 - INFO - SELECT internship.id, internship.company, internship.role, internship.location, internship.industry, internship.ai_label, internship.summary, internship.requirements, internship.salary, internship.deadline, internship.international_score, internship.logo_url, internship.url, internship.posted_date 
FROM internship 
WHERE internship.url = ?
2026-01-27 20:38:55,775 - INFO - [cached since 0.04022s ago] ('https://aaaie.wd1.myworkdayjobs.com/CSAACareers2/job/Glendale-Arizona/Software-Engineer-Intern---Data-Operations_R7489?utm_source=Simplify&ref=Simplify',)
2026-01-27 20:38:55,776 - INFO - SELECT internship.id, internship.company, internship.role, internship.location, internship.industry, internship.ai_label, internship.summary, internship.requirements, internship.salary, internship.deadline, internship.international_score, internship.logo_url, internship.url, internship.posted_date 
FROM internship 
WHERE internship.url = ?
2026-01-27 20:38:55,776 - INFO - [cached since 0.04041s ago] ('https://aaaie.wd1.myworkdayjobs.com/CSAACareers2/job/Arizona---Home-Teleworkers/Software-Engineer-Intern_R7508-1?utm_source=Simplify&ref=Simplify',)
2026-01-27 20:38:55,776 - INFO - SELECT internship.id, internship.company, internship.role, internship.location, internship.industry, internship.ai_label, internship.summary, internship.requirements, internship.salary, internship.deadline, internship.international_score, internship.logo_url, internship.url, internship.posted_date 
FROM internship 
WHERE internship.url = ?
2026-01-27 20:38:55,776 - INFO - [cached since 0.04059s ago] ('https://job-boards.greenhouse.io/wurljobs/jobs/4629515006?utm_source=Simplify&ref=Simplify',)
2026-01-27 20:38:55,776 - INFO - SELECT internship.id, internship.company, internship.role, internship.location, internship.industry, internship.ai_label, internship.summary, internship.requirements, internship.salary, internship.deadline, internship.international_score, internship.logo_url, internship.url, internship.posted_date 
FROM internship 
WHERE internship.url = ?
2026-01-27 20:38:55,776 - INFO - [cached since 0.04077s ago] ('https://fa-evmr-saasfaprod1.fa.ocs.oraclecloud.com/hcmUI/CandidateExperience/en/sites/CX_1/job/28976?utm_source=Simplify&ref=Simplify',)
2026-01-27 20:38:55,776 - INFO - SELECT internship.id, internship.company, internship.role, internship.location, internship.industry, internship.ai_label, internship.summary, internship.requirements, internship.salary, internship.deadline, internship.international_score, internship.logo_url, internship.url, internship.posted_date 
FROM internship 
WHERE internship.url = ?
2026-01-27 20:38:55,776 - INFO - [cached since 0.04095s ago] ('https://www.ithaka.org/job/4645220005?gh_jid=4645220005&utm_source=Simplify&ref=Simplify',)
2026-01-27 20:38:55,776 - INFO - SELECT internship.id, internship.company, internship.role, internship.location, internship.industry, internship.ai_label, internship.summary, internship.requirements, internship.salary, internship.deadline, internship.international_score, internship.logo_url, internship.url, internship.posted_date 
FROM internship 
WHERE internship.url = ?
2026-01-27 20:38:55,776 - INFO - [cached since 0.04124s ago] ('https://job-boards.greenhouse.io/drweng/jobs/7194245?utm_source=Simplify&ref=Simplify',)
2026-01-27 20:38:55,777 - INFO - SELECT internship.id, internship.company, internship.role, internship.location, internship.industry, internship.ai_label, internship.summary, internship.requirements, internship.salary, internship.deadline, internship.international_score, internship.logo_url, internship.url, internship.posted_date 
FROM internship 
WHERE internship.url = ?
2026-01-27 20:38:55,777 - INFO - [cached since 0.04144s ago] ('https://globalfoundries.wd1.myworkdayjobs.com/External/job/USA---Texas---Austin/Sales-Engineering-Intern--Summer-2026-_JR-2502795?utm_source=Simplify&ref=Simplify',)
2026-01-27 20:38:55,777 - INFO - SELECT internship.id, internship.company, internship.role, internship.location, internship.industry, internship.ai_label, internship.summary, internship.requirements, internship.salary, internship.deadline, internship.international_score, internship.logo_url, internship.url, internship.posted_date 
FROM internship 
WHERE internship.url = ?
2026-01-27 20:38:55,777 - INFO - [cached since 0.04164s ago] ('https://kla.wd1.myworkdayjobs.com/Search/job/Milpitas-CA/Application-Engineer-Intern_2532180-1?utm_source=Simplify&ref=Simplify',)
2026-01-27 20:38:55,777 - INFO - SELECT internship.id, internship.company, internship.role, internship.location, internship.industry, internship.ai_label, internship.summary, internship.requirements, internship.salary, internship.deadline, internship.international_score, internship.logo_url, internship.url, internship.posted_date 
FROM internship 
WHERE internship.url = ?
2026-01-27 20:38:55,777 - INFO - [cached since 0.04191s ago] ('https://jobs.lever.co/steerbridge/8e04075a-0565-404a-bd25-941a5458df53/apply?utm_source=Simplify&ref=Simplify',)
2026-01-27 20:38:55,777 - INFO - SELECT internship.id, internship.company, internship.role, internship.location, internship.industry, internship.ai_label, internship.summary, internship.requirements, internship.salary, internship.deadline, internship.international_score, internship.logo_url, internship.url, internship.posted_date 
FROM internship 
WHERE internship.url = ?
2026-01-27 20:38:55,777 - INFO - [cached since 0.04225s ago] ('https://statestreet.wd1.myworkdayjobs.com/Global/job/Quincy-Massachusetts/State-Street-Investment-Management---IT-Architecture-Database-Engineering---Summer-Internship-2026_R-782326?utm_source=Simplify&ref=Simplify',)
2026-01-27 20:38:55,778 - INFO - SELECT internship.id, internship.company, internship.role, internship.location, internship.industry, internship.ai_label, internship.summary, internship.requirements, internship.salary, internship.deadline, internship.international_score, internship.logo_url, internship.url, internship.posted_date 
FROM internship 
WHERE internship.url = ?
2026-01-27 20:38:55,778 - INFO - [cached since 0.04248s ago] ('https://www.asm.com/open-vacancies/?gh_jid=4742577101&utm_source=Simplify&ref=Simplify',)
2026-01-27 20:38:55,778 - INFO - SELECT internship.id, internship.company, internship.role, internship.location, internship.industry, internship.ai_label, internship.summary, internship.requirements, internship.salary, internship.deadline, internship.international_score, internship.logo_url, internship.url, internship.posted_date 
FROM internship 
WHERE internship.url = ?
2026-01-27 20:38:55,778 - INFO - [cached since 0.04268s ago] ('https://www.asm.com/open-vacancies/?gh_jid=4742602101&utm_source=Simplify&ref=Simplify',)
2026-01-27 20:38:55,778 - INFO - SELECT internship.id, internship.company, internship.role, internship.location, internship.industry, internship.ai_label, internship.summary, internship.requirements, internship.salary, internship.deadline, internship.international_score, internship.logo_url, internship.url, internship.posted_date 
FROM internship 
WHERE internship.url = ?
2026-01-27 20:38:55,778 - INFO - [cached since 0.04286s ago] ('http://stanfordhealthcare.wd5.myworkdayjobs.com/en-US/shc_external_career_site/job/500P-Hospital---JKLM-Patient---PALO-ALTO/Summer-2026-Internship---Technology---Digital-Solutions---Digital-Innovation---Software-Development-Internships--Graduate---Hybrid_R2552420?utm_source=Simplify&ref=Simplify',)
2026-01-27 20:38:55,778 - INFO - SELECT internship.id, internship.company, internship.role, internship.location, internship.industry, internship.ai_label, internship.summary, internship.requirements, internship.salary, internship.deadline, internship.international_score, internship.logo_url, internship.url, internship.posted_date 
FROM internship 
WHERE internship.url = ?
2026-01-27 20:38:55,778 - INFO - [cached since 0.04304s ago] ('https://job-boards.greenhouse.io/mcghealth/jobs/8350486002?utm_source=Simplify&ref=Simplify',)
2026-01-27 20:38:55,778 - INFO - SELECT internship.id, internship.company, internship.role, internship.location, internship.industry, internship.ai_label, internship.summary, internship.requirements, internship.salary, internship.deadline, internship.international_score, internship.logo_url, internship.url, internship.posted_date 
FROM internship 
WHERE internship.url = ?
2026-01-27 20:38:55,778 - INFO - [cached since 0.04323s ago] ('https://avav.wd1.myworkdayjobs.com/en-US/AVAV/job/20521-Seneca-Meadows-Pkwy-Germantown-MD/Software-Engineering-Intern---Hyper-RF-Division_6367?utm_source=Simplify&ref=Simplify',)
2026-01-27 20:38:55,779 - INFO - SELECT internship.id, internship.company, internship.role, internship.location, internship.industry, internship.ai_label, internship.summary, internship.requirements, internship.salary, internship.deadline, internship.international_score, internship.logo_url, internship.url, internship.posted_date 
FROM internship 
WHERE internship.url = ?
2026-01-27 20:38:55,779 - INFO - [cached since 0.04341s ago] ('https://velera.wd5.myworkdayjobs.com/VeleraCareers/job/Remote-USA/Intern---ServiceNow-Engineer--REMOTE-_8898?utm_source=Simplify&ref=Simplify',)
2026-01-27 20:38:55,779 - INFO - SELECT internship.id, internship.company, internship.role, internship.location, internship.industry, internship.ai_label, internship.summary, internship.requirements, internship.salary, internship.deadline, internship.international_score, internship.logo_url, internship.url, internship.posted_date 
FROM internship 
WHERE internship.url = ?
2026-01-27 20:38:55,779 - INFO - [cached since 0.04359s ago] ('https://careers.paramount.com/job/New-York-Software-Engineering-Internships-(Summer-2026,-In-Person-NYC)-NY-10036/1351981200/?ats=successfactors&utm_source=Simplify&ref=Simplify',)
2026-01-27 20:38:55,779 - INFO - SELECT internship.id, internship.company, internship.role, internship.location, internship.industry, internship.ai_label, internship.summary, internship.requirements, internship.salary, internship.deadline, internship.international_score, internship.logo_url, internship.url, internship.posted_date 
FROM internship 
WHERE internship.url = ?
2026-01-27 20:38:55,779 - INFO - [cached since 0.04378s ago] ('https://jobs.lever.co/zoox/0a53e7a7-bbbf-4834-bcd4-f0372e388dfa/apply?utm_source=Simplify&ref=Simplify',)
2026-01-27 20:38:55,779 - INFO - SELECT internship.id, internship.company, internship.role, internship.location, internship.industry, internship.ai_label, internship.summary, internship.requirements, internship.salary, internship.deadline, internship.international_score, internship.logo_url, internship.url, internship.posted_date 
FROM internship 
WHERE internship.url = ?
2026-01-27 20:38:55,779 - INFO - [cached since 0.04397s ago] ('https://fa-evmr-saasfaprod1.fa.ocs.oraclecloud.com/hcmUI/CandidateExperience/en/sites/CX_1/job/28908?utm_source=Simplify&ref=Simplify',)
2026-01-27 20:38:55,779 - INFO - SELECT internship.id, internship.company, internship.role, internship.location, internship.industry, internship.ai_label, internship.summary, internship.requirements, internship.salary, internship.deadline, internship.international_score, internship.logo_url, internship.url, internship.posted_date 
FROM internship 
WHERE internship.url = ?
2026-01-27 20:38:55,779 - INFO - [cached since 0.04416s ago] ('https://fa-evmr-saasfaprod1.fa.ocs.oraclecloud.com/hcmUI/CandidateExperience/en/sites/CX_1/job/28905?utm_source=Simplify&ref=Simplify',)
2026-01-27 20:38:55,780 - INFO - SELECT internship.id, internship.company, internship.role, internship.location, internship.industry, internship.ai_label, internship.summary, internship.requirements, internship.salary, internship.deadline, internship.international_score, internship.logo_url, internship.url, internship.posted_date 
FROM internship 
WHERE internship.url = ?
2026-01-27 20:38:55,780 - INFO - [cached since 0.04437s ago] ('https://fa-evmr-saasfaprod1.fa.ocs.oraclecloud.com/hcmUI/CandidateExperience/en/sites/CX_1/job/28904?utm_source=Simplify&ref=Simplify',)
2026-01-27 20:38:55,780 - INFO - SELECT internship.id, internship.company, internship.role, internship.location, internship.industry, internship.ai_label, internship.summary, internship.requirements, internship.salary, internship.deadline, internship.international_score, internship.logo_url, internship.url, internship.posted_date 
FROM internship 
WHERE internship.url = ?
2026-01-27 20:38:55,780 - INFO - [cached since 0.04456s ago] ('https://fhlbatl.wd1.myworkdayjobs.com/fhlbatl/job/Atlanta-Georgia/Software-Development-Workflow-Intern_JR269?utm_source=Simplify&ref=Simplify',)
2026-01-27 20:38:55,780 - INFO - SELECT internship.id, internship.company, internship.role, internship.location, internship.industry, internship.ai_label, internship.summary, internship.requirements, internship.salary, internship.deadline, internship.international_score, internship.logo_url, internship.url, internship.posted_date 
FROM internship 
WHERE internship.url = ?
2026-01-27 20:38:55,780 - INFO - [cached since 0.04476s ago] ('https://job-boards.greenhouse.io/nisc/jobs/7493815?utm_source=Simplify&ref=Simplify',)
2026-01-27 20:38:55,780 - INFO - SELECT internship.id, internship.company, internship.role, internship.location, internship.industry, internship.ai_label, internship.summary, internship.requirements, internship.salary, internship.deadline, internship.international_score, internship.logo_url, internship.url, internship.posted_date 
FROM internship 
WHERE internship.url = ?
2026-01-27 20:38:55,780 - INFO - [cached since 0.04497s ago] ('https://eeho.fa.us2.oraclecloud.com/hcmUI/CandidateExperience/en/sites/CX_45001/job/321081?utm_source=Simplify&ref=Simplify',)
2026-01-27 20:38:55,780 - INFO - SELECT internship.id, internship.company, internship.role, internship.location, internship.industry, internship.ai_label, internship.summary, internship.requirements, internship.salary, internship.deadline, internship.international_score, internship.logo_url, internship.url, internship.posted_date 
FROM internship 
WHERE internship.url = ?
2026-01-27 20:38:55,780 - INFO - [cached since 0.04517s ago] ('https://eeho.fa.us2.oraclecloud.com/hcmUI/CandidateExperience/en/sites/CX_45001/job/321121?utm_source=Simplify&ref=Simplify',)
2026-01-27 20:38:55,781 - INFO - SELECT internship.id, internship.company, internship.role, internship.location, internship.industry, internship.ai_label, internship.summary, internship.requirements, internship.salary, internship.deadline, internship.international_score, internship.logo_url, internship.url, internship.posted_date 
FROM internship 
WHERE internship.url = ?
2026-01-27 20:38:55,781 - INFO - [cached since 0.04536s ago] ('https://velera.wd5.myworkdayjobs.com/VeleraCareers/job/Remote-USA/Intern-Software-Engineer--Net----REMOTE_8887?utm_source=Simplify&ref=Simplify',)
2026-01-27 20:38:55,781 - INFO - SELECT internship.id, internship.company, internship.role, internship.location, internship.industry, internship.ai_label, internship.summary, internship.requirements, internship.salary, internship.deadline, internship.international_score, internship.logo_url, internship.url, internship.posted_date 
FROM internship 
WHERE internship.url = ?
2026-01-27 20:38:55,781 - INFO - [cached since 0.04557s ago] ('https://fa-evmr-saasfaprod1.fa.ocs.oraclecloud.com/hcmUI/CandidateExperience/en/sites/CX_1/job/28893?utm_source=Simplify&ref=Simplify',)
2026-01-27 20:38:55,781 - INFO - SELECT internship.id, internship.company, internship.role, internship.location, internship.industry, internship.ai_label, internship.summary, internship.requirements, internship.salary, internship.deadline, internship.international_score, internship.logo_url, internship.url, internship.posted_date 
FROM internship 
WHERE internship.url = ?
2026-01-27 20:38:55,781 - INFO - [cached since 0.04576s ago] ('https://job-boards.greenhouse.io/modernizingmedicineinc/jobs/8236500002?utm_source=Simplify&ref=Simplify',)
2026-01-27 20:38:55,781 - INFO - SELECT internship.id, internship.company, internship.role, internship.location, internship.industry, internship.ai_label, internship.summary, internship.requirements, internship.salary, internship.deadline, internship.international_score, internship.logo_url, internship.url, internship.posted_date 
FROM internship 
WHERE internship.url = ?
2026-01-27 20:38:55,781 - INFO - [cached since 0.04594s ago] ('https://careers-gdms.icims.com/jobs/69376/intern-software-and-test-engineer-for-space-and-embedded-crypto-solutions/job?utm_source=Simplify&ref=Simplify',)
2026-01-27 20:38:55,781 - INFO - SELECT internship.id, internship.company, internship.role, internship.location, internship.industry, internship.ai_label, internship.summary, internship.requirements, internship.salary, internship.deadline, internship.international_score, internship.logo_url, internship.url, internship.posted_date 
FROM internship 
WHERE internship.url = ?
2026-01-27 20:38:55,781 - INFO - [cached since 0.04612s ago] ('https://asml.wd3.myworkdayjobs.com/en-US/asmlext1/job/San-Jose-CA-USA/Internship---Software-Development-Engineer-in-Test_J-00328071?utm_source=Simplify&ref=Simplify',)
2026-01-27 20:38:55,781 - INFO - SELECT internship.id, internship.company, internship.role, internship.location, internship.industry, internship.ai_label, internship.summary, internship.requirements, internship.salary, internship.deadline, internship.international_score, internship.logo_url, internship.url, internship.posted_date 
FROM internship 
WHERE internship.url = ?
2026-01-27 20:38:55,782 - INFO - [cached since 0.04632s ago] ('https://velera.wd5.myworkdayjobs.com/VeleraCareers/job/Remote-USA/Intern---Net-Software-Engineer_8878?utm_source=Simplify&ref=Simplify',)
2026-01-27 20:38:55,782 - INFO - SELECT internship.id, internship.company, internship.role, internship.location, internship.industry, internship.ai_label, internship.summary, internship.requirements, internship.salary, internship.deadline, internship.international_score, internship.logo_url, internship.url, internship.posted_date 
FROM internship 
WHERE internship.url = ?
2026-01-27 20:38:55,782 - INFO - [cached since 0.04652s ago] ('https://zoetis.wd5.myworkdayjobs.com/zoetis/job/Parsippany/Robotic-Process-Automation--RPA--Developer-Intern_JR00019798-2?utm_source=Simplify&ref=Simplify',)
2026-01-27 20:38:55,782 - INFO - SELECT internship.id, internship.company, internship.role, internship.location, internship.industry, internship.ai_label, internship.summary, internship.requirements, internship.salary, internship.deadline, internship.international_score, internship.logo_url, internship.url, internship.posted_date 
FROM internship 
WHERE internship.url = ?
2026-01-27 20:38:55,782 - INFO - [cached since 0.0467s ago] ('https://jobs.ashbyhq.com/cobot/ea1b59f7-0852-4ab8-944c-e302e63541bc/application?utm_source=Simplify&ref=Simplify',)
2026-01-27 20:38:55,782 - INFO - SELECT internship.id, internship.company, internship.role, internship.location, internship.industry, internship.ai_label, internship.summary, internship.requirements, internship.salary, internship.deadline, internship.international_score, internship.logo_url, internship.url, internship.posted_date 
FROM internship 
WHERE internship.url = ?
2026-01-27 20:38:55,782 - INFO - [cached since 0.04688s ago] ('https://job-boards.greenhouse.io/internshiplist2000/jobs/4998151008?utm_source=Simplify&ref=Simplify',)
2026-01-27 20:38:55,782 - INFO - SELECT internship.id, internship.company, internship.role, internship.location, internship.industry, internship.ai_label, internship.summary, internship.requirements, internship.salary, internship.deadline, internship.international_score, internship.logo_url, internship.url, internship.posted_date 
FROM internship 
WHERE internship.url = ?
2026-01-27 20:38:55,782 - INFO - [cached since 0.04705s ago] ('https://job-boards.greenhouse.io/internshiplist2000/jobs/5012106008?utm_source=Simplify&ref=Simplify',)
2026-01-27 20:38:55,782 - INFO - SELECT internship.id, internship.company, internship.role, internship.location, internship.industry, internship.ai_label, internship.summary, internship.requirements, internship.salary, internship.deadline, internship.international_score, internship.logo_url, internship.url, internship.posted_date 
FROM internship 
WHERE internship.url = ?
2026-01-27 20:38:55,782 - INFO - [cached since 0.04724s ago] ('https://job-boards.greenhouse.io/xometry/jobs/5007634007?utm_source=Simplify&ref=Simplify',)
2026-01-27 20:38:55,783 - INFO - SELECT internship.id, internship.company, internship.role, internship.location, internship.industry, internship.ai_label, internship.summary, internship.requirements, internship.salary, internship.deadline, internship.international_score, internship.logo_url, internship.url, internship.posted_date 
FROM internship 
WHERE internship.url = ?
2026-01-27 20:38:55,783 - INFO - [cached since 0.04742s ago] ('https://job-boards.greenhouse.io/xometry/jobs/5007635007?utm_source=Simplify&ref=Simplify',)
2026-01-27 20:38:55,783 - INFO - SELECT internship.id, internship.company, internship.role, internship.location, internship.industry, internship.ai_label, internship.summary, internship.requirements, internship.salary, internship.deadline, internship.international_score, internship.logo_url, internship.url, internship.posted_date 
FROM internship 
WHERE internship.url = ?
2026-01-27 20:38:55,783 - INFO - [cached since 0.0476s ago] ('https://fa-evmr-saasfaprod1.fa.ocs.oraclecloud.com/hcmUI/CandidateExperience/en/sites/CX_1/job/28819?utm_source=Simplify&ref=Simplify',)
2026-01-27 20:38:55,783 - INFO - SELECT internship.id, internship.company, internship.role, internship.location, internship.industry, internship.ai_label, internship.summary, internship.requirements, internship.salary, internship.deadline, internship.international_score, internship.logo_url, internship.url, internship.posted_date 
FROM internship 
WHERE internship.url = ?
2026-01-27 20:38:55,783 - INFO - [cached since 0.04779s ago] ('https://fa-evmr-saasfaprod1.fa.ocs.oraclecloud.com/hcmUI/CandidateExperience/en/sites/CX_1/job/28888?utm_source=Simplify&ref=Simplify',)
2026-01-27 20:38:55,783 - INFO - SELECT internship.id, internship.company, internship.role, internship.location, internship.industry, internship.ai_label, internship.summary, internship.requirements, internship.salary, internship.deadline, internship.international_score, internship.logo_url, internship.url, internship.posted_date 
FROM internship 
WHERE internship.url = ?
2026-01-27 20:38:55,783 - INFO - [cached since 0.04798s ago] ('https://fa-evmr-saasfaprod1.fa.ocs.oraclecloud.com/hcmUI/CandidateExperience/en/sites/CX_1/job/28736?utm_source=Simplify&ref=Simplify',)
2026-01-27 20:38:55,783 - INFO - SELECT internship.id, internship.company, internship.role, internship.location, internship.industry, internship.ai_label, internship.summary, internship.requirements, internship.salary, internship.deadline, internship.international_score, internship.logo_url, internship.url, internship.posted_date 
FROM internship 
WHERE internship.url = ?
2026-01-27 20:38:55,783 - INFO - [cached since 0.04815s ago] ('https://jobs.ashbyhq.com/Talos-Trading/f2b1c5af-ed8d-4759-98f4-76f656d83a52/application?utm_source=Simplify&ref=Simplify',)
2026-01-27 20:38:55,784 - INFO - SELECT internship.id, internship.company, internship.role, internship.location, internship.industry, internship.ai_label, internship.summary, internship.requirements, internship.salary, internship.deadline, internship.international_score, internship.logo_url, internship.url, internship.posted_date 
FROM internship 
WHERE internship.url = ?
2026-01-27 20:38:55,784 - INFO - [cached since 0.04833s ago] ('https://nvidia.wd5.myworkdayjobs.com/NVIDIAExternalCareerSite/job/US-MO-St-Louis/Performance-Engineer-Intern--Gaming---Summer-2026_JR2009268?utm_source=Simplify&ref=Simplify',)
2026-01-27 20:38:55,784 - INFO - SELECT internship.id, internship.company, internship.role, internship.location, internship.industry, internship.ai_label, internship.summary, internship.requirements, internship.salary, internship.deadline, internship.international_score, internship.logo_url, internship.url, internship.posted_date 
FROM internship 
WHERE internship.url = ?
2026-01-27 20:38:55,784 - INFO - [cached since 0.04851s ago] ('https://asml.wd3.myworkdayjobs.com/asmlext1/job/San-Jose-CA-USA/Internship---Optical-Product-Engineering--_J-00327849?utm_source=Simplify&ref=Simplify',)
2026-01-27 20:38:55,784 - INFO - SELECT internship.id, internship.company, internship.role, internship.location, internship.industry, internship.ai_label, internship.summary, internship.requirements, internship.salary, internship.deadline, internship.international_score, internship.logo_url, internship.url, internship.posted_date 
FROM internship 
WHERE internship.url = ?
2026-01-27 20:38:55,784 - INFO - [cached since 0.04869s ago] ('https://jobs.ashbyhq.com/Sierra/8bb2509d-9215-4cb5-8cf1-2bf0dbade6d8/application?utm_source=Simplify&ref=Simplify',)
2026-01-27 20:38:55,784 - INFO - SELECT internship.id, internship.company, internship.role, internship.location, internship.industry, internship.ai_label, internship.summary, internship.requirements, internship.salary, internship.deadline, internship.international_score, internship.logo_url, internship.url, internship.posted_date 
FROM internship 
WHERE internship.url = ?
2026-01-27 20:38:55,784 - INFO - [cached since 0.04888s ago] ('https://jobs.bmwgroup.com/job/Woodruff-TX-S-12-Innovations-Software-Developer-Intern-(Summer)-Sout/1276052601/?ats=successfactors&utm_source=Simplify&ref=Simplify',)
2026-01-27 20:38:55,784 - INFO - SELECT internship.id, internship.company, internship.role, internship.location, internship.industry, internship.ai_label, internship.summary, internship.requirements, internship.salary, internship.deadline, internship.international_score, internship.logo_url, internship.url, internship.posted_date 
FROM internship 
WHERE internship.url = ?
2026-01-27 20:38:55,784 - INFO - [cached since 0.04905s ago] ('https://jobs.lever.co/questanalytics/65957790-a3b2-4000-882a-86a23a697ee1/apply?utm_source=Simplify&ref=Simplify',)
2026-01-27 20:38:55,784 - INFO - SELECT internship.id, internship.company, internship.role, internship.location, internship.industry, internship.ai_label, internship.summary, internship.requirements, internship.salary, internship.deadline, internship.international_score, internship.logo_url, internship.url, internship.posted_date 
FROM internship 
WHERE internship.url = ?
2026-01-27 20:38:55,784 - INFO - [cached since 0.04924s ago] ('https://cadence.wd1.myworkdayjobs.com/External_Careers/job/EDINBURGH-01/Intern-Software-Engineer--Summer-2026--Three-Month-Duration-_R52359?utm_source=Simplify&ref=Simplify',)
2026-01-27 20:38:55,785 - INFO - SELECT internship.id, internship.company, internship.role, internship.location, internship.industry, internship.ai_label, internship.summary, internship.requirements, internship.salary, internship.deadline, internship.international_score, internship.logo_url, internship.url, internship.posted_date 
FROM internship 
WHERE internship.url = ?
2026-01-27 20:38:55,785 - INFO - [cached since 0.04941s ago] ('https://fhlbatl.wd1.myworkdayjobs.com/fhlbatl/job/Atlanta-Georgia/Software-Development-Intern_JR268?utm_source=Simplify&ref=Simplify',)
2026-01-27 20:38:55,785 - INFO - SELECT internship.id, internship.company, internship.role, internship.location, internship.industry, internship.ai_label, internship.summary, internship.requirements, internship.salary, internship.deadline, internship.international_score, internship.logo_url, internship.url, internship.posted_date 
FROM internship 
WHERE internship.url = ?
2026-01-27 20:38:55,785 - INFO - [cached since 0.04959s ago] ('https://fox.wd1.myworkdayjobs.com/Domestic/job/USA---AZ---Tempe---2010-E-Centennial-Cir/Summer-and-Fall-2026-FOX-Technology-Internship-Program---Live-Sports-Virtual-Enhancement-Operator_R50030979?utm_source=Simplify&ref=Simplify',)
2026-01-27 20:38:55,785 - INFO - SELECT internship.id, internship.company, internship.role, internship.location, internship.industry, internship.ai_label, internship.summary, internship.requirements, internship.salary, internship.deadline, internship.international_score, internship.logo_url, internship.url, internship.posted_date 
FROM internship 
WHERE internship.url = ?
2026-01-27 20:38:55,785 - INFO - [cached since 0.04976s ago] ('https://fa-evmr-saasfaprod1.fa.ocs.oraclecloud.com/hcmUI/CandidateExperience/en/sites/CX_1/job/28470?utm_source=Simplify&ref=Simplify',)
2026-01-27 20:38:55,785 - INFO - SELECT internship.id, internship.company, internship.role, internship.location, internship.industry, internship.ai_label, internship.summary, internship.requirements, internship.salary, internship.deadline, internship.international_score, internship.logo_url, internship.url, internship.posted_date 
FROM internship 
WHERE internship.url = ?
2026-01-27 20:38:55,785 - INFO - [cached since 0.04993s ago] ('https://fa-evmr-saasfaprod1.fa.ocs.oraclecloud.com/hcmUI/CandidateExperience/en/sites/CX_1/job/28482?utm_source=Simplify&ref=Simplify',)
2026-01-27 20:38:55,785 - INFO - SELECT internship.id, internship.company, internship.role, internship.location, internship.industry, internship.ai_label, internship.summary, internship.requirements, internship.salary, internship.deadline, internship.international_score, internship.logo_url, internship.url, internship.posted_date 
FROM internship 
WHERE internship.url = ?
2026-01-27 20:38:55,785 - INFO - [cached since 0.05011s ago] ('https://fa-evmr-saasfaprod1.fa.ocs.oraclecloud.com/hcmUI/CandidateExperience/en/sites/CX_1/job/28669?utm_source=Simplify&ref=Simplify',)
2026-01-27 20:38:55,785 - INFO - SELECT internship.id, internship.company, internship.role, internship.location, internship.industry, internship.ai_label, internship.summary, internship.requirements, internship.salary, internship.deadline, internship.international_score, internship.logo_url, internship.url, internship.posted_date 
FROM internship 
WHERE internship.url = ?
2026-01-27 20:38:55,785 - INFO - [cached since 0.05028s ago] ('https://jobs.lever.co/SymmetrySystems/dbca271b-a99b-48ab-83f2-b596a037ad65/apply?utm_source=Simplify&ref=Simplify',)
2026-01-27 20:38:55,786 - INFO - SELECT internship.id, internship.company, internship.role, internship.location, internship.industry, internship.ai_label, internship.summary, internship.requirements, internship.salary, internship.deadline, internship.international_score, internship.logo_url, internship.url, internship.posted_date 
FROM internship 
WHERE internship.url = ?
2026-01-27 20:38:55,786 - INFO - [cached since 0.05045s ago] ('https://fa-evmr-saasfaprod1.fa.ocs.oraclecloud.com/hcmUI/CandidateExperience/en/sites/CX_1/job/28170?utm_source=Simplify&ref=Simplify',)
2026-01-27 20:38:55,786 - INFO - SELECT internship.id, internship.company, internship.role, internship.location, internship.industry, internship.ai_label, internship.summary, internship.requirements, internship.salary, internship.deadline, internship.international_score, internship.logo_url, internship.url, internship.posted_date 
FROM internship 
WHERE internship.url = ?
2026-01-27 20:38:55,786 - INFO - [cached since 0.05062s ago] ('https://velera.wd5.myworkdayjobs.com/veleracareers/job/Remote-USA/Intern---Data-Engineer--REMOTE-_8844?utm_source=Simplify&ref=Simplify',)
2026-01-27 20:38:55,786 - INFO - SELECT internship.id, internship.company, internship.role, internship.location, internship.industry, internship.ai_label, internship.summary, internship.requirements, internship.salary, internship.deadline, internship.international_score, internship.logo_url, internship.url, internship.posted_date 
FROM internship 
WHERE internship.url = ?
2026-01-27 20:38:55,786 - INFO - [cached since 0.0508s ago] ('https://aveva.wd3.myworkdayjobs.com/en-US/AVEVA_careers/job/DerryLondonDerry-United-Kingdom/Software-Developer-Intern---Derry_R011681?utm_source=Simplify&ref=Simplify',)
2026-01-27 20:38:55,786 - INFO - SELECT internship.id, internship.company, internship.role, internship.location, internship.industry, internship.ai_label, internship.summary, internship.requirements, internship.salary, internship.deadline, internship.international_score, internship.logo_url, internship.url, internship.posted_date 
FROM internship 
WHERE internship.url = ?
2026-01-27 20:38:55,786 - INFO - [cached since 0.05097s ago] ('https://jobs.baesystems.com/global/en/job/BAE1US119401BREXTERNAL/Summer-Software-Intern?utm_source=Simplify&ref=Simplify',)
2026-01-27 20:38:55,786 - INFO - SELECT internship.id, internship.company, internship.role, internship.location, internship.industry, internship.ai_label, internship.summary, internship.requirements, internship.salary, internship.deadline, internship.international_score, internship.logo_url, internship.url, internship.posted_date 
FROM internship 
WHERE internship.url = ?
2026-01-27 20:38:55,786 - INFO - [cached since 0.05114s ago] ('https://asml.wd3.myworkdayjobs.com/asmlext1/job/San-Jose-CA-USA/Internship---Software-Quality-Assurance_J-00327394?utm_source=Simplify&ref=Simplify',)
2026-01-27 20:38:55,786 - INFO - SELECT internship.id, internship.company, internship.role, internship.location, internship.industry, internship.ai_label, internship.summary, internship.requirements, internship.salary, internship.deadline, internship.international_score, internship.logo_url, internship.url, internship.posted_date 
FROM internship 
WHERE internship.url = ?
2026-01-27 20:38:55,787 - INFO - [cached since 0.05131s ago] ('https://aveva.wd3.myworkdayjobs.com/en-US/AVEVA_careers/job/Cambridge-United-Kingdom/Software-Developer-Intern_R011684?utm_source=Simplify&ref=Simplify',)
2026-01-27 20:38:55,787 - INFO - SELECT internship.id, internship.company, internship.role, internship.location, internship.industry, internship.ai_label, internship.summary, internship.requirements, internship.salary, internship.deadline, internship.international_score, internship.logo_url, internship.url, internship.posted_date 
FROM internship 
WHERE internship.url = ?
2026-01-27 20:38:55,787 - INFO - [cached since 0.05148s ago] ('https://ripple.com/careers/all-jobs/job/7469876?gh_jid=7469876&utm_source=Simplify&ref=Simplify',)
2026-01-27 20:38:55,787 - INFO - SELECT internship.id, internship.company, internship.role, internship.location, internship.industry, internship.ai_label, internship.summary, internship.requirements, internship.salary, internship.deadline, internship.international_score, internship.logo_url, internship.url, internship.posted_date 
FROM internship 
WHERE internship.url = ?
2026-01-27 20:38:55,787 - INFO - [cached since 0.05165s ago] ('https://ripple.com/careers/all-jobs/job/7467186?gh_jid=7467186&utm_source=Simplify&ref=Simplify',)
2026-01-27 20:38:55,787 - INFO - SELECT internship.id, internship.company, internship.role, internship.location, internship.industry, internship.ai_label, internship.summary, internship.requirements, internship.salary, internship.deadline, internship.international_score, internship.logo_url, internship.url, internship.posted_date 
FROM internship 
WHERE internship.url = ?
2026-01-27 20:38:55,787 - INFO - [cached since 0.05183s ago] ('https://boards.greenhouse.io/embed/job_app?token=7449835&utm_source=Simplify&ref=Simplify',)
2026-01-27 20:38:55,787 - INFO - SELECT internship.id, internship.company, internship.role, internship.location, internship.industry, internship.ai_label, internship.summary, internship.requirements, internship.salary, internship.deadline, internship.international_score, internship.logo_url, internship.url, internship.posted_date 
FROM internship 
WHERE internship.url = ?
2026-01-27 20:38:55,787 - INFO - [cached since 0.05201s ago] ('https://www.flyzipline.com/careers/open-roles?gh_jid=7561786003&utm_source=Simplify&ref=Simplify',)
2026-01-27 20:38:55,787 - INFO - SELECT internship.id, internship.company, internship.role, internship.location, internship.industry, internship.ai_label, internship.summary, internship.requirements, internship.salary, internship.deadline, internship.international_score, internship.logo_url, internship.url, internship.posted_date 
FROM internship 
WHERE internship.url = ?
2026-01-27 20:38:55,787 - INFO - [cached since 0.0522s ago] ('https://www.flyzipline.com/careers/open-roles?gh_jid=7561784003&utm_source=Simplify&ref=Simplify',)
2026-01-27 20:38:55,788 - INFO - SELECT internship.id, internship.company, internship.role, internship.location, internship.industry, internship.ai_label, internship.summary, internship.requirements, internship.salary, internship.deadline, internship.international_score, internship.logo_url, internship.url, internship.posted_date 
FROM internship 
WHERE internship.url = ?
2026-01-27 20:38:55,788 - INFO - [cached since 0.05238s ago] ('https://generalmotors.wd5.myworkdayjobs.com/Careers_GM/job/Sunnyvale-California-United-States-of-America/XMLNAME-2026-Summer-Intern---AI-ML-Software-Engineer--Master-s-_JR-202524088?utm_source=Simplify&ref=Simplify',)
2026-01-27 20:38:55,788 - INFO - SELECT internship.id, internship.company, internship.role, internship.location, internship.industry, internship.ai_label, internship.summary, internship.requirements, internship.salary, internship.deadline, internship.international_score, internship.logo_url, internship.url, internship.posted_date 
FROM internship 
WHERE internship.url = ?
2026-01-27 20:38:55,788 - INFO - [cached since 0.05257s ago] ('https://generalmotors.wd5.myworkdayjobs.com/Careers_GM/job/Sunnyvale-California-United-States-of-America/XMLNAME-2026-Summer-Intern---Software-Engineer---Autonomous-Driving---Simulation-Team--Bachelor-s-_JR-202524246?utm_source=Simplify&ref=Simplify',)
2026-01-27 20:38:55,788 - INFO - SELECT internship.id, internship.company, internship.role, internship.location, internship.industry, internship.ai_label, internship.summary, internship.requirements, internship.salary, internship.deadline, internship.international_score, internship.logo_url, internship.url, internship.posted_date 
FROM internship 
WHERE internship.url = ?
2026-01-27 20:38:55,788 - INFO - [cached since 0.05276s ago] ('https://generalmotors.wd5.myworkdayjobs.com/Careers_GM/job/Sunnyvale-California-United-States-of-America/XMLNAME-2026-Summer-Intern---AI-ML-Software-Engineer--PhD-_JR-202524086?utm_source=Simplify&ref=Simplify',)
2026-01-27 20:38:55,788 - INFO - SELECT internship.id, internship.company, internship.role, internship.location, internship.industry, internship.ai_label, internship.summary, internship.requirements, internship.salary, internship.deadline, internship.international_score, internship.logo_url, internship.url, internship.posted_date 
FROM internship 
WHERE internship.url = ?
2026-01-27 20:38:55,788 - INFO - [cached since 0.05294s ago] ('https://generalmotors.wd5.myworkdayjobs.com/Careers_GM/job/Sunnyvale-California-United-States-of-America/XMLNAME-2026-Summer-Intern---Software-Engineer---Autonomous-Driving---Simulation-Team--Master-s-_JR-202524245?utm_source=Simplify&ref=Simplify',)
2026-01-27 20:38:55,788 - INFO - SELECT internship.id, internship.company, internship.role, internship.location, internship.industry, internship.ai_label, internship.summary, internship.requirements, internship.salary, internship.deadline, internship.international_score, internship.logo_url, internship.url, internship.posted_date 
FROM internship 
WHERE internship.url = ?
2026-01-27 20:38:55,788 - INFO - [cached since 0.05312s ago] ('https://generalmotors.wd5.myworkdayjobs.com/Careers_GM/job/Mountain-View-Technical-Center---Mountain-View-Technical-Center/XMLNAME-2026-Summer-Intern---Backend-Software-Engineer--Fleet-Tooling--Master-s-Degree-_JR-202524257?utm_source=Simplify&ref=Simplify',)
2026-01-27 20:38:55,788 - INFO - SELECT internship.id, internship.company, internship.role, internship.location, internship.industry, internship.ai_label, internship.summary, internship.requirements, internship.salary, internship.deadline, internship.international_score, internship.logo_url, internship.url, internship.posted_date 
FROM internship 
WHERE internship.url = ?
2026-01-27 20:38:55,789 - INFO - [cached since 0.05331s ago] ('https://generalmotors.wd5.myworkdayjobs.com/Careers_GM/job/Sunnyvale-California-United-States-of-America/XMLNAME-2026-Summer-Intern---Backend-Software-Engineer--Fleet-Tooling--Bachelor-s-Degree-_JR-202524256?utm_source=Simplify&ref=Simplify',)
2026-01-27 20:38:55,789 - INFO - SELECT internship.id, internship.company, internship.role, internship.location, internship.industry, internship.ai_label, internship.summary, internship.requirements, internship.salary, internship.deadline, internship.international_score, internship.logo_url, internship.url, internship.posted_date 
FROM internship 
WHERE internship.url = ?
2026-01-27 20:38:55,789 - INFO - [cached since 0.05349s ago] ('https://careers.rivian.com/jobs/28275?lang=en-us&icims=1&utm_source=Simplify&ref=Simplify',)
2026-01-27 20:38:55,789 - INFO - SELECT internship.id, internship.company, internship.role, internship.location, internship.industry, internship.ai_label, internship.summary, internship.requirements, internship.salary, internship.deadline, internship.international_score, internship.logo_url, internship.url, internship.posted_date 
FROM internship 
WHERE internship.url = ?
2026-01-27 20:38:55,789 - INFO - [cached since 0.05367s ago] ('https://careers.rivian.com/jobs/28274?lang=en-us&icims=1&utm_source=Simplify&ref=Simplify',)
2026-01-27 20:38:55,789 - INFO - SELECT internship.id, internship.company, internship.role, internship.location, internship.industry, internship.ai_label, internship.summary, internship.requirements, internship.salary, internship.deadline, internship.international_score, internship.logo_url, internship.url, internship.posted_date 
FROM internship 
WHERE internship.url = ?
2026-01-27 20:38:55,789 - INFO - [cached since 0.05385s ago] ('https://fa-evmr-saasfaprod1.fa.ocs.oraclecloud.com/hcmUI/CandidateExperience/en/sites/CX_1/job/28724?utm_source=Simplify&ref=Simplify',)
2026-01-27 20:38:55,789 - INFO - SELECT internship.id, internship.company, internship.role, internship.location, internship.industry, internship.ai_label, internship.summary, internship.requirements, internship.salary, internship.deadline, internship.international_score, internship.logo_url, internship.url, internship.posted_date 
FROM internship 
WHERE internship.url = ?
2026-01-27 20:38:55,789 - INFO - [cached since 0.05401s ago] ('https://jobs.smartrecruiters.com/Intuitive/744000098687568?utm_source=Simplify&ref=Simplify',)
2026-01-27 20:38:55,790 - INFO - SELECT internship.id, internship.company, internship.role, internship.location, internship.industry, internship.ai_label, internship.summary, internship.requirements, internship.salary, internship.deadline, internship.international_score, internship.logo_url, internship.url, internship.posted_date 
FROM internship 
WHERE internship.url = ?
2026-01-27 20:38:55,790 - INFO - [cached since 0.05434s ago] ('https://fa-evmr-saasfaprod1.fa.ocs.oraclecloud.com/hcmUI/CandidateExperience/en/sites/CX_1/job/28479?utm_source=Simplify&ref=Simplify',)
2026-01-27 20:38:55,790 - INFO - SELECT internship.id, internship.company, internship.role, internship.location, internship.industry, internship.ai_label, internship.summary, internship.requirements, internship.salary, internship.deadline, internship.international_score, internship.logo_url, internship.url, internship.posted_date 
FROM internship 
WHERE internship.url = ?
2026-01-27 20:38:55,790 - INFO - [cached since 0.05453s ago] ('https://jobs.bmwgroup.com/job/Greenville-Software-Development-Co-Op-(Summer-2026)-Sout/1274951401/?ats=successfactors&utm_source=Simplify&ref=Simplify',)
2026-01-27 20:38:55,790 - INFO - SELECT internship.id, internship.company, internship.role, internship.location, internship.industry, internship.ai_label, internship.summary, internship.requirements, internship.salary, internship.deadline, internship.international_score, internship.logo_url, internship.url, internship.posted_date 
FROM internship 
WHERE internship.url = ?
2026-01-27 20:38:55,790 - INFO - [cached since 0.05472s ago] ('https://racetrac.wd5.myworkdayjobs.com/ssc/job/200-Galleria-Parkway-SE-Suite-900-Atlanta-GA-30339/Digital-Integrations-Intern--Summer-2026-_R10003280?utm_source=Simplify&ref=Simplify',)
2026-01-27 20:38:55,790 - INFO - SELECT internship.id, internship.company, internship.role, internship.location, internship.industry, internship.ai_label, internship.summary, internship.requirements, internship.salary, internship.deadline, internship.international_score, internship.logo_url, internship.url, internship.posted_date 
FROM internship 
WHERE internship.url = ?
2026-01-27 20:38:55,790 - INFO - [cached since 0.0549s ago] ('https://intapp.wd1.myworkdayjobs.com/Intapp/job/Palo-Alto-CA/IT-Business-Applications-Intern_R2024549-1?utm_source=Simplify&ref=Simplify',)
2026-01-27 20:38:55,790 - INFO - SELECT internship.id, internship.company, internship.role, internship.location, internship.industry, internship.ai_label, internship.summary, internship.requirements, internship.salary, internship.deadline, internship.international_score, internship.logo_url, internship.url, internship.posted_date 
FROM internship 
WHERE internship.url = ?
2026-01-27 20:38:55,790 - INFO - [cached since 0.05509s ago] ('https://fa-exvu-saasfaprod1.fa.ocs.oraclecloud.com/hcmUI/CandidateExperience/en/sites/CX_1/job/1445?utm_source=Simplify&ref=Simplify',)
2026-01-27 20:38:55,790 - INFO - SELECT internship.id, internship.company, internship.role, internship.location, internship.industry, internship.ai_label, internship.summary, internship.requirements, internship.salary, internship.deadline, internship.international_score, internship.logo_url, internship.url, internship.posted_date 
FROM internship 
WHERE internship.url = ?
2026-01-27 20:38:55,790 - INFO - [cached since 0.05527s ago] ('https://motorolasolutions.wd5.myworkdayjobs.com/Careers/job/Chicago-IL/Java-Software-Engineer---2026-Summer-Internship--Chicago-Hybrid-_R60209?utm_source=Simplify&ref=Simplify',)
2026-01-27 20:38:55,791 - INFO - SELECT internship.id, internship.company, internship.role, internship.location, internship.industry, internship.ai_label, internship.summary, internship.requirements, internship.salary, internship.deadline, internship.international_score, internship.logo_url, internship.url, internship.posted_date 
FROM internship 
WHERE internship.url = ?
2026-01-27 20:38:55,791 - INFO - [cached since 0.05545s ago] ('https://explore.jobs.netflix.net/careers/job/790313241540?utm_source=Simplify&ref=Simplify',)
2026-01-27 20:38:55,791 - INFO - SELECT internship.id, internship.company, internship.role, internship.location, internship.industry, internship.ai_label, internship.summary, internship.requirements, internship.salary, internship.deadline, internship.international_score, internship.logo_url, internship.url, internship.posted_date 
FROM internship 
WHERE internship.url = ?
2026-01-27 20:38:55,791 - INFO - [cached since 0.05563s ago] ('https://jobs.ea.com/en_US/careers/JobDetail/Software-Engineer-Intern/210854?utm_source=Simplify&ref=Simplify',)
2026-01-27 20:38:55,791 - INFO - SELECT internship.id, internship.company, internship.role, internship.location, internship.industry, internship.ai_label, internship.summary, internship.requirements, internship.salary, internship.deadline, internship.international_score, internship.logo_url, internship.url, internship.posted_date 
FROM internship 
WHERE internship.url = ?
2026-01-27 20:38:55,791 - INFO - [cached since 0.0558s ago] ('https://careers.westinghousenuclear.com/job/Shoreview-Software-Engineering-Intern-Summer-2026-MN-55126/1348239000/?ats=successfactors&utm_source=Simplify&ref=Simplify',)
2026-01-27 20:38:55,791 - INFO - SELECT internship.id, internship.company, internship.role, internship.location, internship.industry, internship.ai_label, internship.summary, internship.requirements, internship.salary, internship.deadline, internship.international_score, internship.logo_url, internship.url, internship.posted_date 
FROM internship 
WHERE internship.url = ?
2026-01-27 20:38:55,791 - INFO - [cached since 0.05598s ago] ('https://careers.westinghousenuclear.com/job/Warrendale-Independent-Verification-&-Validation-Intern-Summer-2026-OR/1321306900/?ats=successfactors&utm_source=Simplify&ref=Simplify',)
2026-01-27 20:38:55,791 - INFO - SELECT internship.id, internship.company, internship.role, internship.location, internship.industry, internship.ai_label, internship.summary, internship.requirements, internship.salary, internship.deadline, internship.international_score, internship.logo_url, internship.url, internship.posted_date 
FROM internship 
WHERE internship.url = ?
2026-01-27 20:38:55,791 - INFO - [cached since 0.05616s ago] ('https://careers.westinghousenuclear.com/job/Cranberry-Township-Software-and-Automation-Intern-Summer-2026-NC/1336532600/?ats=successfactors&utm_source=Simplify&ref=Simplify',)
2026-01-27 20:38:55,792 - INFO - SELECT internship.id, internship.company, internship.role, internship.location, internship.industry, internship.ai_label, internship.summary, internship.requirements, internship.salary, internship.deadline, internship.international_score, internship.logo_url, internship.url, internship.posted_date 
FROM internship 
WHERE internship.url = ?
2026-01-27 20:38:55,792 - INFO - [cached since 0.05633s ago] ('https://careers.westinghousenuclear.com/job/Cranberry-Township-Enovia-PLM-Developer-Intern-Summer-2026-NC/1338026700/?ats=successfactors&utm_source=Simplify&ref=Simplify',)
2026-01-27 20:38:55,792 - INFO - SELECT internship.id, internship.company, internship.role, internship.location, internship.industry, internship.ai_label, internship.summary, internship.requirements, internship.salary, internship.deadline, internship.international_score, internship.logo_url, internship.url, internship.posted_date 
FROM internship 
WHERE internship.url = ?
2026-01-27 20:38:55,792 - INFO - [cached since 0.0565s ago] ('https://careers.westinghousenuclear.com/job/Cranberry-Township-Collaboration-Automation-Intern-Summer-2026-NC/1338434100/?ats=successfactors&utm_source=Simplify&ref=Simplify',)
2026-01-27 20:38:55,792 - INFO - SELECT internship.id, internship.company, internship.role, internship.location, internship.industry, internship.ai_label, internship.summary, internship.requirements, internship.salary, internship.deadline, internship.international_score, internship.logo_url, internship.url, internship.posted_date 
FROM internship 
WHERE internship.url = ?
2026-01-27 20:38:55,792 - INFO - [cached since 0.05668s ago] ('https://careers.westinghousenuclear.com/job/Shoreview-Software-Engineering-Intern-Summer-2026-MN-55126/1348239000/?utm_source=Simplify&ref=Simplify',)
2026-01-27 20:38:55,792 - INFO - SELECT internship.id, internship.company, internship.role, internship.location, internship.industry, internship.ai_label, internship.summary, internship.requirements, internship.salary, internship.deadline, internship.international_score, internship.logo_url, internship.url, internship.posted_date 
FROM internship 
WHERE internship.url = ?
2026-01-27 20:38:55,792 - INFO - [cached since 0.05686s ago] ('https://apply.careers.microsoft.com/careers/job/1970393556621732?utm_source=Simplify&ref=Simplify',)
2026-01-27 20:38:55,792 - INFO - SELECT internship.id, internship.company, internship.role, internship.location, internship.industry, internship.ai_label, internship.summary, internship.requirements, internship.salary, internship.deadline, internship.international_score, internship.logo_url, internship.url, internship.posted_date 
FROM internship 
WHERE internship.url = ?
2026-01-27 20:38:55,792 - INFO - [cached since 0.05703s ago] ('https://apply.careers.microsoft.com/careers/job/1970393556622023?utm_source=Simplify&ref=Simplify',)
2026-01-27 20:38:55,792 - INFO - SELECT internship.id, internship.company, internship.role, internship.location, internship.industry, internship.ai_label, internship.summary, internship.requirements, internship.salary, internship.deadline, internship.international_score, internship.logo_url, internship.url, internship.posted_date 
FROM internship 
WHERE internship.url = ?
2026-01-27 20:38:55,792 - INFO - [cached since 0.05724s ago] ('https://amazon.jobs/en/jobs/3116030/software-development-engineer-internship-summer-2026-us?utm_source=Simplify&ref=Simplify',)
2026-01-27 20:38:55,793 - INFO - SELECT internship.id, internship.company, internship.role, internship.location, internship.industry, internship.ai_label, internship.summary, internship.requirements, internship.salary, internship.deadline, internship.international_score, internship.logo_url, internship.url, internship.posted_date 
FROM internship 
WHERE internship.url = ?
2026-01-27 20:38:55,793 - INFO - [cached since 0.05743s ago] ('https://amazon.jobs/en/jobs/3116034/software-development-engineer-internship-summer-2026-canada?utm_source=Simplify&ref=Simplify',)
2026-01-27 20:38:55,793 - INFO - SELECT internship.id, internship.company, internship.role, internship.location, internship.industry, internship.ai_label, internship.summary, internship.requirements, internship.salary, internship.deadline, internship.international_score, internship.logo_url, internship.url, internship.posted_date 
FROM internship 
WHERE internship.url = ?
2026-01-27 20:38:55,793 - INFO - [cached since 0.05762s ago] ('https://jobs.ashbyhq.com/etched/605c286d-be56-4e83-83b8-436d29ce17df?utm_source=Simplify&ref=Simplify',)
2026-01-27 20:38:55,793 - INFO - SELECT internship.id, internship.company, internship.role, internship.location, internship.industry, internship.ai_label, internship.summary, internship.requirements, internship.salary, internship.deadline, internship.international_score, internship.logo_url, internship.url, internship.posted_date 
FROM internship 
WHERE internship.url = ?
2026-01-27 20:38:55,793 - INFO - [cached since 0.05782s ago] ('https://mmc.wd1.myworkdayjobs.com/mmc/job/Atlanta---Hartsfield/Oliver-Wyman--Vector--Software-Development-Intern_R_333148?utm_source=Simplify&ref=Simplify',)
2026-01-27 20:38:55,793 - INFO - SELECT internship.id, internship.company, internship.role, internship.location, internship.industry, internship.ai_label, internship.summary, internship.requirements, internship.salary, internship.deadline, internship.international_score, internship.logo_url, internship.url, internship.posted_date 
FROM internship 
WHERE internship.url = ?
2026-01-27 20:38:55,793 - INFO - [cached since 0.05821s ago] ('https://plexus.wd5.myworkdayjobs.com/en-US/Plexus_Careers/job/Neenah-WI/Intern---Product-Engineer--Summer-2026-_R033663-1?utm_source=Simplify&ref=Simplify',)
2026-01-27 20:38:55,794 - INFO - SELECT internship.id, internship.company, internship.role, internship.location, internship.industry, internship.ai_label, internship.summary, internship.requirements, internship.salary, internship.deadline, internship.international_score, internship.logo_url, internship.url, internship.posted_date 
FROM internship 
WHERE internship.url = ?
2026-01-27 20:38:55,794 - INFO - [cached since 0.05845s ago] ('https://marmon.wd501.myworkdayjobs.com/Marmon_Careers/job/Ferdinand-IN/Engineering-Intern---Summer-2026_JR0000037706-5?utm_source=Simplify&ref=Simplify',)
2026-01-27 20:38:55,794 - INFO - SELECT internship.id, internship.company, internship.role, internship.location, internship.industry, internship.ai_label, internship.summary, internship.requirements, internship.salary, internship.deadline, internship.international_score, internship.logo_url, internship.url, internship.posted_date 
FROM internship 
WHERE internship.url = ?
2026-01-27 20:38:55,794 - INFO - [cached since 0.05866s ago] ('https://marmon.wd501.myworkdayjobs.com/Marmon_Careers/job/Cullman-AL/Engineering-Intern---Summer-2026_JR0000037704-4?utm_source=Simplify&ref=Simplify',)
2026-01-27 20:38:55,794 - INFO - SELECT internship.id, internship.company, internship.role, internship.location, internship.industry, internship.ai_label, internship.summary, internship.requirements, internship.salary, internship.deadline, internship.international_score, internship.logo_url, internship.url, internship.posted_date 
FROM internship 
WHERE internship.url = ?
2026-01-27 20:38:55,794 - INFO - [cached since 0.05887s ago] ('https://simonsfoundation.wd1.myworkdayjobs.com/en-US/simonsfoundationcareers/job/162-Fifth-Avenue-New-York-NY/Scientific-Visual-Exploration-Software-Intern_R0001996?utm_source=Simplify&ref=Simplify',)
2026-01-27 20:38:55,794 - INFO - SELECT internship.id, internship.company, internship.role, internship.location, internship.industry, internship.ai_label, internship.summary, internship.requirements, internship.salary, internship.deadline, internship.international_score, internship.logo_url, internship.url, internship.posted_date 
FROM internship 
WHERE internship.url = ?
2026-01-27 20:38:55,794 - INFO - [cached since 0.05906s ago] ('https://www.calicolabs.com/careers/?gh_jid=8326850002&utm_source=Simplify&ref=Simplify',)
2026-01-27 20:38:55,794 - INFO - SELECT internship.id, internship.company, internship.role, internship.location, internship.industry, internship.ai_label, internship.summary, internship.requirements, internship.salary, internship.deadline, internship.international_score, internship.logo_url, internship.url, internship.posted_date 
FROM internship 
WHERE internship.url = ?
2026-01-27 20:38:55,794 - INFO - [cached since 0.05926s ago] ('https://dexcom.wd1.myworkdayjobs.com/Dexcom/job/Remote---United-States/Intern-I---Software-Engineering_JR115298?utm_source=Simplify&ref=Simplify',)
2026-01-27 20:38:55,795 - INFO - SELECT internship.id, internship.company, internship.role, internship.location, internship.industry, internship.ai_label, internship.summary, internship.requirements, internship.salary, internship.deadline, internship.international_score, internship.logo_url, internship.url, internship.posted_date 
FROM internship 
WHERE internship.url = ?
2026-01-27 20:38:55,795 - INFO - [cached since 0.05945s ago] ('https://dexcom.wd1.myworkdayjobs.com/Dexcom/job/Remote---United-States/Intern-I---Software-Engineer_JR115313?utm_source=Simplify&ref=Simplify',)
2026-01-27 20:38:55,795 - INFO - SELECT internship.id, internship.company, internship.role, internship.location, internship.industry, internship.ai_label, internship.summary, internship.requirements, internship.salary, internship.deadline, internship.international_score, internship.logo_url, internship.url, internship.posted_date 
FROM internship 
WHERE internship.url = ?
2026-01-27 20:38:55,795 - INFO - [cached since 0.05964s ago] ('https://simonsfoundation.wd1.myworkdayjobs.com/en-US/simonsfoundationcareers/job/162-Fifth-Avenue-New-York-NY/Software-Engineer-Intern_R0001994?utm_source=Simplify&ref=Simplify',)
2026-01-27 20:38:55,795 - INFO - SELECT internship.id, internship.company, internship.role, internship.location, internship.industry, internship.ai_label, internship.summary, internship.requirements, internship.salary, internship.deadline, internship.international_score, internship.logo_url, internship.url, internship.posted_date 
FROM internship 
WHERE internship.url = ?
2026-01-27 20:38:55,795 - INFO - [cached since 0.05984s ago] ('https://jobs.ea.com/en_US/careers/JobDetail/Security-Software-Engineer-Intern/210837?utm_source=Simplify&ref=Simplify',)
2026-01-27 20:38:55,795 - INFO - SELECT internship.id, internship.company, internship.role, internship.location, internship.industry, internship.ai_label, internship.summary, internship.requirements, internship.salary, internship.deadline, internship.international_score, internship.logo_url, internship.url, internship.posted_date 
FROM internship 
WHERE internship.url = ?
2026-01-27 20:38:55,795 - INFO - [cached since 0.06005s ago] ('https://careers-gdms.icims.com/jobs/69559/job?mobile=true&needsRedirect=false&utm_source=Simplify&ref=Simplify',)
2026-01-27 20:38:55,795 - INFO - SELECT internship.id, internship.company, internship.role, internship.location, internship.industry, internship.ai_label, internship.summary, internship.requirements, internship.salary, internship.deadline, internship.international_score, internship.logo_url, internship.url, internship.posted_date 
FROM internship 
WHERE internship.url = ?
2026-01-27 20:38:55,795 - INFO - [cached since 0.06023s ago] ('https://careers-gdms.icims.com/jobs/69437/job?mobile=true&needsRedirect=false&utm_source=Simplify&ref=Simplify',)
2026-01-27 20:38:55,796 - INFO - SELECT internship.id, internship.company, internship.role, internship.location, internship.industry, internship.ai_label, internship.summary, internship.requirements, internship.salary, internship.deadline, internship.international_score, internship.logo_url, internship.url, internship.posted_date 
FROM internship 
WHERE internship.url = ?
2026-01-27 20:38:55,796 - INFO - [cached since 0.06043s ago] ('https://cadence.wd1.myworkdayjobs.com/External_Careers/job/EDINBURGH-01/Intern---Software-Engineering_R52067?utm_source=Simplify&ref=Simplify',)
2026-01-27 20:38:55,796 - INFO - SELECT internship.id, internship.company, internship.role, internship.location, internship.industry, internship.ai_label, internship.summary, internship.requirements, internship.salary, internship.deadline, internship.international_score, internship.logo_url, internship.url, internship.posted_date 
FROM internship 
WHERE internship.url = ?
2026-01-27 20:38:55,796 - INFO - [cached since 0.06061s ago] ('https://job-boards.greenhouse.io/virtu/jobs/8314488002?utm_source=Simplify&ref=Simplify',)
2026-01-27 20:38:55,796 - INFO - SELECT internship.id, internship.company, internship.role, internship.location, internship.industry, internship.ai_label, internship.summary, internship.requirements, internship.salary, internship.deadline, internship.international_score, internship.logo_url, internship.url, internship.posted_date 
FROM internship 
WHERE internship.url = ?
2026-01-27 20:38:55,796 - INFO - [cached since 0.0608s ago] ('https://jobs.ashbyhq.com/zip/2bad03a8-4e98-480e-b8cb-bc65d36e429f/application?utm_source=Simplify&ref=Simplify',)
2026-01-27 20:38:55,796 - INFO - SELECT internship.id, internship.company, internship.role, internship.location, internship.industry, internship.ai_label, internship.summary, internship.requirements, internship.salary, internship.deadline, internship.international_score, internship.logo_url, internship.url, internship.posted_date 
FROM internship 
WHERE internship.url = ?
2026-01-27 20:38:55,796 - INFO - [cached since 0.06099s ago] ('https://boards.greenhouse.io/embed/job_app?for=gemini&token=7293075&gh_jid=7293075&utm_source=Simplify&ref=Simplify',)
2026-01-27 20:38:55,796 - INFO - SELECT internship.id, internship.company, internship.role, internship.location, internship.industry, internship.ai_label, internship.summary, internship.requirements, internship.salary, internship.deadline, internship.international_score, internship.logo_url, internship.url, internship.posted_date 
FROM internship 
WHERE internship.url = ?
2026-01-27 20:38:55,796 - INFO - [cached since 0.06117s ago] ('https://www.8am.com/openings/?gh_jid=4622069006&utm_source=Simplify&ref=Simplify',)
2026-01-27 20:38:55,797 - INFO - SELECT internship.id, internship.company, internship.role, internship.location, internship.industry, internship.ai_label, internship.summary, internship.requirements, internship.salary, internship.deadline, internship.international_score, internship.logo_url, internship.url, internship.posted_date 
FROM internship 
WHERE internship.url = ?
2026-01-27 20:38:55,797 - INFO - [cached since 0.06136s ago] ('https://cadence.wd1.myworkdayjobs.com/Univ_Careers/job/SAN-JOSE/Software-Intern_R51990?utm_source=Simplify&ref=Simplify',)
2026-01-27 20:38:55,797 - INFO - SELECT internship.id, internship.company, internship.role, internship.location, internship.industry, internship.ai_label, internship.summary, internship.requirements, internship.salary, internship.deadline, internship.international_score, internship.logo_url, internship.url, internship.posted_date 
FROM internship 
WHERE internship.url = ?
2026-01-27 20:38:55,797 - INFO - [cached since 0.06155s ago] ('https://fa-evmr-saasfaprod1.fa.ocs.oraclecloud.com/hcmUI/CandidateExperience/en/sites/CX_1/job/27874?utm_source=Simplify&ref=Simplify',)
2026-01-27 20:38:55,797 - INFO - SELECT internship.id, internship.company, internship.role, internship.location, internship.industry, internship.ai_label, internship.summary, internship.requirements, internship.salary, internship.deadline, internship.international_score, internship.logo_url, internship.url, internship.posted_date 
FROM internship 
WHERE internship.url = ?
2026-01-27 20:38:55,797 - INFO - [cached since 0.06172s ago] ('https://fa-evmr-saasfaprod1.fa.ocs.oraclecloud.com/hcmUI/CandidateExperience/en/sites/CX_1/job/27872?utm_source=Simplify&ref=Simplify',)
2026-01-27 20:38:55,797 - INFO - SELECT internship.id, internship.company, internship.role, internship.location, internship.industry, internship.ai_label, internship.summary, internship.requirements, internship.salary, internship.deadline, internship.international_score, internship.logo_url, internship.url, internship.posted_date 
FROM internship 
WHERE internship.url = ?
2026-01-27 20:38:55,797 - INFO - [cached since 0.06191s ago] ('https://fa-evmr-saasfaprod1.fa.ocs.oraclecloud.com/hcmUI/CandidateExperience/en/sites/CX_1/job/27867?utm_source=Simplify&ref=Simplify',)
2026-01-27 20:38:55,797 - INFO - SELECT internship.id, internship.company, internship.role, internship.location, internship.industry, internship.ai_label, internship.summary, internship.requirements, internship.salary, internship.deadline, internship.international_score, internship.logo_url, internship.url, internship.posted_date 
FROM internship 
WHERE internship.url = ?
2026-01-27 20:38:55,797 - INFO - [cached since 0.06209s ago] ('https://generalmotors.wd5.myworkdayjobs.com/Careers_GM/job/Mountain-View-California-United-States-of-America/XMLNAME-2026-Summer-Intern---Software-Engineer--Machine-Learning-Validation--PhD-_JR-202523181?utm_source=Simplify&ref=Simplify',)
2026-01-27 20:38:55,797 - INFO - SELECT internship.id, internship.company, internship.role, internship.location, internship.industry, internship.ai_label, internship.summary, internship.requirements, internship.salary, internship.deadline, internship.international_score, internship.logo_url, internship.url, internship.posted_date 
FROM internship 
WHERE internship.url = ?
2026-01-27 20:38:55,797 - INFO - [cached since 0.06227s ago] ('https://job-boards.greenhouse.io/metron/jobs/4958803007?utm_source=Simplify&ref=Simplify',)
2026-01-27 20:38:55,798 - INFO - SELECT internship.id, internship.company, internship.role, internship.location, internship.industry, internship.ai_label, internship.summary, internship.requirements, internship.salary, internship.deadline, internship.international_score, internship.logo_url, internship.url, internship.posted_date 
FROM internship 
WHERE internship.url = ?
2026-01-27 20:38:55,798 - INFO - [cached since 0.06246s ago] ('https://jobs.keysight.com/jobs/50957?lang=en-us&icims=1&utm_source=Simplify&ref=Simplify',)
2026-01-27 20:38:55,798 - INFO - SELECT internship.id, internship.company, internship.role, internship.location, internship.industry, internship.ai_label, internship.summary, internship.requirements, internship.salary, internship.deadline, internship.international_score, internship.logo_url, internship.url, internship.posted_date 
FROM internship 
WHERE internship.url = ?
2026-01-27 20:38:55,798 - INFO - [cached since 0.06266s ago] ('https://jobs.keysight.com/jobs/50958?lang=en-us&icims=1&utm_source=Simplify&ref=Simplify',)
2026-01-27 20:38:55,798 - INFO - SELECT internship.id, internship.company, internship.role, internship.location, internship.industry, internship.ai_label, internship.summary, internship.requirements, internship.salary, internship.deadline, internship.international_score, internship.logo_url, internship.url, internship.posted_date 
FROM internship 
WHERE internship.url = ?
2026-01-27 20:38:55,798 - INFO - [cached since 0.06286s ago] ('https://kla.wd1.myworkdayjobs.com/Search/job/Milpitas-CA/Software-Intern--GPU-optimization-_2532399-2?utm_source=Simplify&ref=Simplify',)
2026-01-27 20:38:55,798 - INFO - SELECT internship.id, internship.company, internship.role, internship.location, internship.industry, internship.ai_label, internship.summary, internship.requirements, internship.salary, internship.deadline, internship.international_score, internship.logo_url, internship.url, internship.posted_date 
FROM internship 
WHERE internship.url = ?
2026-01-27 20:38:55,798 - INFO - [cached since 0.06305s ago] ('https://cadence.wd1.myworkdayjobs.com/Univ_Careers/job/SAN-JOSE/Software-Intern--Summer--Synthesis-_R51923?utm_source=Simplify&ref=Simplify',)
2026-01-27 20:38:55,798 - INFO - Scraped and saved 0 new internships from GitHub. Errors encountered: 0
2026-01-27 20:38:55,800 - INFO - COMMIT
2026-01-27 20:38:55,800 - INFO - Crawler run complete.
